method,bench,seed,peak_gpu_mb,elapsed_s,rc
pal_loggap,e1/bwb,3,4358,18,0
pal_loggap,e1/bwb,1,4430,18,0
pal_loggap,e1/bwb,2,4488,18,0
pal_loggap,e1/bwb,0,4480,18,0
pal_loggap,e1/bwb,7,4499,11,0
pal_loggap,e1/bwb,5,4458,11,0
pal_loggap,e1/bwb,6,4342,11,0
pal_loggap,e1/bwb,4,4506,11,0
pal_loggap,e1/bwb,8,4511,11,0
pal_loggap,e1/bwb,9,4461,11,0
pal_loggap,e2/urban_wind,0,26355,77,0
pal_loggap,e2/urban_wind,2,26359,66,0
pal_loggap,e2/urban_wind,1,26357,77,0
pal_loggap,e2/urban_wind,3,26358,66,0
pal_loggap,e2/urban_wind,4,26357,18,0
pal_loggap,e2/urban_wind,5,26361,20,0
pal_loggap,e2/urban_wind,6,26357,21,0
pal_loggap,e2/urban_wind,7,26360,24,0
alm,e1/bwb,0,4241,8,0
alm,e1/bwb,1,4210,7,0
alm,e1/bwb,2,4213,7,0
alm,e1/bwb,3,4186,5,0
pal_loggap,e2/urban_wind,8,26359,23,0
pal_loggap,e2/urban_wind,9,26364,21,0
alm,e1/bwb,4,4241,8,0
alm,e1/bwb,5,4217,8,0
alm,e1/bwb,6,4143,6,0
alm,e1/bwb,7,4229,8,0
alm,e1/bwb,9,4191,8,0
alm,e1/bwb,8,4234,8,0
alm,e2/urban_wind,1,16127,13,0
alm,e2/urban_wind,0,16124,17,0
alm,e2/urban_wind,3,16125,15,0
alm,e2/urban_wind,2,16127,16,0
alm,e2/urban_wind,4,16128,15,0
alm,e2/urban_wind,5,16125,15,0
alm,e2/urban_wind,6,16126,16,0
alm,e2/urban_wind,7,16129,16,0
alm,e2/urban_wind,8,16128,13,0
alm,e2/urban_wind,9,16127,15,0
fsnet,e1/bwb,0,97276,53,1
fsnet,e1/bwb,2,97276,47,1
fsnet,e1/bwb,1,97266,75,1
fsnet,e1/bwb,3,97271,78,1
fsnet,e1/bwb,5,97277,64,1
fsnet,e1/bwb,4,97273,66,1
fsnet,e1/bwb,6,97279,61,1
fsnet,e2/urban_wind,0,97273,16,1
fsnet,e1/bwb,7,97268,69,1
fsnet,e2/urban_wind,1,97274,16,1
fsnet,e1/bwb,8,97276,54,1
fsnet,e2/urban_wind,2,97274,18,1
fsnet,e2/urban_wind,3,97276,17,1
fsnet,e2/urban_wind,4,97277,19,1
fsnet,e2/urban_wind,5,97275,21,1
fsnet,e1/bwb,9,97267,81,1
fsnet,e2/urban_wind,6,97276,20,1
fsnet,e2/urban_wind,7,97279,19,1
snarenet,e1/bwb,0,1105,7,1
fsnet,e2/urban_wind,8,97277,21,1
snarenet,e1/bwb,1,992,6,1
fsnet,e2/urban_wind,9,97273,19,1
snarenet,e1/bwb,2,991,7,1
snarenet,e1/bwb,3,1003,8,1
snarenet,e1/bwb,4,994,8,1
snarenet,e1/bwb,5,1019,8,1
snarenet,e1/bwb,6,1108,8,1
snarenet,e1/bwb,8,1014,8,1
snarenet,e1/bwb,7,1020,9,1
snarenet,e1/bwb,9,1008,6,1
snarenet,e2/urban_wind,0,22108,29,1
snarenet,e2/urban_wind,1,22109,26,1
snarenet,e2/urban_wind,2,22103,27,1
snarenet,e2/urban_wind,3,22103,26,1
snarenet,e2/urban_wind,4,22110,26,1
snarenet,e2/urban_wind,5,22104,26,1
snarenet,e2/urban_wind,6,22105,27,1
snarenet,e2/urban_wind,7,22105,27,1
snarenet,e2/urban_wind,8,22111,25,1
snarenet,e2/urban_wind,9,22106,25,1
