bench,seed,status,run_dir,git_sha,feasibility_post,obj_mean_post,viol_max_post,nfe_fwd,nfe_bwd,train_wall_s,total_wall_s,inf_iters_median,proj_active_share,proj_iters_mean_active,reason
s1_sphere_track,0,ok,20260911T062847Z_enforce_v4_s1_sphere_track_seed0_29d1598c,55af6897dc5b4faa58885f909164b752f97a91c2,1.0,1.2197276618053365e-05,8.344650268554688e-07,6.091,4.0275,64.99572571599856,70.3268792598974,1.0,0.9365,1.0549919914575547,
s1_sphere_track,1,ok,20260911T062847Z_enforce_v4_s1_sphere_track_seed1_4fb74539,55af6897dc5b4faa58885f909164b752f97a91c2,1.0,1.8244253745081096e-05,9.5367431640625e-07,6.269,4.2275,52.48879030789249,57.50987492199056,2.0,0.9585,1.107981220657277,
s1_sphere_track,2,ok,20260911T062847Z_enforce_v4_s1_sphere_track_seed2_0c16be8f,55af6897dc5b4faa58885f909164b752f97a91c2,1.0,9.448322617622296e-07,7.152557373046875e-07,6.1105,4.0515,55.32274635997601,60.170073526212946,1.0,0.941,1.0600425079702445,
s1_sphere_track,3,ok,20260911T062847Z_enforce_v4_s1_sphere_track_seed3_3c43ef96,55af6897dc5b4faa58885f909164b752f97a91c2,1.0,2.6328526161023547e-05,4.76837158203125e-07,6.139,4.053,49.99367363611236,54.80660525592975,2.0,0.914,1.0820568927789935,
s1_sphere_track,4,ok,20260911T062847Z_enforce_v4_s1_sphere_track_seed4_502c0468,55af6897dc5b4faa58885f909164b752f97a91c2,1.0,1.1105344270845308e-05,7.152557373046875e-07,6.248,4.199,59.018638354958966,64.20383369387127,1.0,0.951,1.1041009463722398,
s1_sphere_track,5,ok,20260911T062847Z_enforce_v4_s1_sphere_track_seed5_d559498e,55af6897dc5b4faa58885f909164b752f97a91c2,1.0,1.2858115884029075e-05,7.152557373046875e-07,6.151,4.0785,63.504356995923445,68.82243917509913,2.0,0.9275,1.080323450134771,
s1_sphere_track,6,ok,20260911T062847Z_enforce_v4_s1_sphere_track_seed6_5cd26c4f,55af6897dc5b4faa58885f909164b752f97a91c2,1.0,1.1973528454944926e-05,9.5367431640625e-07,6.2995,4.257,61.23391466308385,66.46525294403546,2.0,0.9575,1.1190600522193213,
s1_sphere_track,7,ok,20260911T062847Z_enforce_v4_s1_sphere_track_seed7_1afa66be,55af6897dc5b4faa58885f909164b752f97a91c2,1.0,1.5705722887560114e-05,7.152557373046875e-07,6.241,4.182,60.62694765301421,65.82549826917239,1.0,0.941,1.106269925611052,
s1_sphere_track,8,ok,20260911T062847Z_enforce_v4_s1_sphere_track_seed8_71174bf9,55af6897dc5b4faa58885f909164b752f97a91c2,1.0,0.0001135640818858974,1.1920928955078125e-06,6.2255,4.148,52.30758448294364,57.569235240109265,100.0,0.9225,1.1094850948509485,
s1_sphere_track,9,ok,20260911T062847Z_enforce_v4_s1_sphere_track_seed9_01770de1,55af6897dc5b4faa58885f909164b752f97a91c2,1.0,1.2927428206133129e-05,7.152557373046875e-07,6.2315,4.184,55.66167427808978,60.89506848691963,2.0,0.9525,1.0976377952755905,
s2_active_set_switch,0,ok,20260911T062847Z_enforce_v4_s2_active_set_switch_seed0_cc24b692,55af6897dc5b4faa58885f909164b752f97a91c2,1.0,3.0381907540899533e-06,2.384185791015625e-07,6.0035,14.021,103.73004875308834,108.87248116894625,4.0,0.9975,1.0020050125313282,
s2_active_set_switch,1,ok,20260911T062847Z_enforce_v4_s2_active_set_switch_seed1_be682477,55af6897dc5b4faa58885f909164b752f97a91c2,1.0,1.4892142951028475e-06,2.384185791015625e-07,6.0105,14.049,110.34238636191003,115.63042421406135,4.0,0.9985,1.0040060090135203,
s2_active_set_switch,2,ok,20260911T062847Z_enforce_v4_s2_active_set_switch_seed2_776a0b21,55af6897dc5b4faa58885f909164b752f97a91c2,1.0,4.74764064861688e-06,2.384185791015625e-07,6.0035,14.0315,105.17813542718068,110.34136018995196,4.0,0.993,1.0035246727089628,
s2_active_set_switch,3,ok,20260911T062847Z_enforce_v4_s2_active_set_switch_seed3_4401bacc,55af6897dc5b4faa58885f909164b752f97a91c2,1.0,1.2811216020480742e-05,2.980232238769531e-07,6.021,14.091,95.48344619409181,100.67662889417261,4.0,1.0,1.007,
s2_active_set_switch,4,ok,20260911T062848Z_enforce_v4_s2_active_set_switch_seed4_a7f939ce,55af6897dc5b4faa58885f909164b752f97a91c2,1.0,1.1967633462006688e-06,2.384185791015625e-07,6.0175,14.0805,116.54355265782215,122.9151547299698,4.0,0.998,1.0065130260521042,
s2_active_set_switch,5,ok,20260911T062848Z_enforce_v4_s2_active_set_switch_seed5_d65187e6,55af6897dc5b4faa58885f909164b752f97a91c2,1.0,2.142474903710223e-06,3.5762786865234375e-07,6.016,14.0705,89.35474069486372,94.93335303105414,4.0,0.9995,1.0055027513756878,
s2_active_set_switch,6,ok,20260911T062848Z_enforce_v4_s2_active_set_switch_seed6_6b13e919,55af6897dc5b4faa58885f909164b752f97a91c2,1.0,5.426382833073617e-07,2.384185791015625e-07,6.006,14.026,88.80840998701751,94.417889919132,3.0,1.0,1.002,
s2_active_set_switch,7,ok,20260911T062849Z_enforce_v4_s2_active_set_switch_seed7_12a111d3,55af6897dc5b4faa58885f909164b752f97a91c2,1.0,2.1462139656591717e-06,2.384185791015625e-07,6.0095,14.047,99.21553449309431,106.42194500612095,4.0,0.9975,1.0040100250626567,
s2_active_set_switch,8,ok,20260911T062849Z_enforce_v4_s2_active_set_switch_seed8_e7961d6b,55af6897dc5b4faa58885f909164b752f97a91c2,1.0,7.531319493381261e-06,2.384185791015625e-07,6.0015,14.0205,111.93644954799674,118.93927986198105,4.0,0.994,1.0025150905432596,
s2_active_set_switch,9,ok,20260911T062849Z_enforce_v4_s2_active_set_switch_seed9_707e578b,55af6897dc5b4faa58885f909164b752f97a91c2,1.0,1.950987523979819e-06,2.384185791015625e-07,6.0165,14.0785,111.26914806105196,118.36268194811419,4.0,0.997,1.006519558676028,
s3_illcond_tube,0,ok,20260911T062849Z_enforce_v4_s3_illcond_tube_seed0_bdd1d8a6,55af6897dc5b4faa58885f909164b752f97a91c2,1.0,7.933229722034696e-07,2.0116567611694336e-07,5.382,7.764,73.1706472330261,80.86289574811235,5.0,0.382,1.0,
s3_illcond_tube,1,ok,20260911T062848Z_enforce_v4_s3_illcond_tube_seed1_50e2e840,55af6897dc5b4faa58885f909164b752f97a91c2,1.0,7.724540374010047e-07,1.1920928955078125e-07,5.1955,7.391,71.62105722003616,77.70620824489743,5.0,0.1955,1.0,
s3_illcond_tube,2,ok,20260911T062848Z_enforce_v4_s3_illcond_tube_seed2_b4647deb,55af6897dc5b4faa58885f909164b752f97a91c2,1.0,8.580629208554402e-08,1.1920928955078125e-07,5.235,7.47,80.40435307100415,86.43954627797939,5.0,0.235,1.0,
s3_illcond_tube,3,ok,20260911T062848Z_enforce_v4_s3_illcond_tube_seed3_452c27a5,55af6897dc5b4faa58885f909164b752f97a91c2,1.0,1.3601369036608801e-07,1.1920928955078125e-07,5.236,7.472,66.32393562002108,72.22549076098949,5.0,0.236,1.0,
s3_illcond_tube,4,ok,20260911T062848Z_enforce_v4_s3_illcond_tube_seed4_41aa3363,55af6897dc5b4faa58885f909164b752f97a91c2,1.0,3.8120204213371034e-07,2.980232238769531e-07,5.115,7.23,76.67240145802498,82.28662550495937,5.0,0.115,1.0,
s3_illcond_tube,5,ok,20260911T062850Z_enforce_v4_s3_illcond_tube_seed5_a0d2d2bc,55af6897dc5b4faa58885f909164b752f97a91c2,1.0,9.925450975001304e-08,1.0803341865539551e-07,5.2,7.4,81.9362799138762,89.83007555198856,5.0,0.2,1.0,
s3_illcond_tube,6,ok,20260911T062850Z_enforce_v4_s3_illcond_tube_seed6_7b1d661f,55af6897dc5b4faa58885f909164b752f97a91c2,1.0,3.6933225239232925e-07,1.1920928955078125e-07,5.205,7.41,70.30082936608233,79.43012050003745,5.0,0.205,1.0,
s3_illcond_tube,7,ok,20260911T062847Z_enforce_v4_s3_illcond_tube_seed7_2451b193,55af6897dc5b4faa58885f909164b752f97a91c2,1.0,1.013685290152111e-06,1.341104507446289e-07,5.1045,7.209,69.63606887706555,74.38619896396995,5.0,0.1045,1.0,
s3_illcond_tube,8,ok,20260911T062847Z_enforce_v4_s3_illcond_tube_seed8_0890be8f,55af6897dc5b4faa58885f909164b752f97a91c2,1.0,1.7825662577616863e-07,1.1175870895385742e-07,5.024,7.048,79.23640680103563,84.1281620929949,5.0,0.024,1.0,
s3_illcond_tube,9,ok,20260911T062847Z_enforce_v4_s3_illcond_tube_seed9_0c87bf0e,55af6897dc5b4faa58885f909164b752f97a91c2,1.0,1.5150631167692996e-07,1.7881393432617188e-07,5.155,7.31,64.53935321909375,69.46233780006878,5.0,0.155,1.0,
s4_qv_coupling,0,ok,20260911T062848Z_enforce_v4_s4_qv_coupling_seed0_143752f9,55af6897dc5b4faa58885f909164b752f97a91c2,1.0,0.019588881981690065,1.6689300537109375e-06,6.362,32.573,206.60032123606652,214.70675727305934,100.0,0.9735,1.133025166923472,
s4_qv_coupling,1,ok,20260911T062848Z_enforce_v4_s4_qv_coupling_seed1_7b974726,55af6897dc5b4faa58885f909164b752f97a91c2,1.0,0.0008550632800279345,9.5367431640625e-07,6.3075,32.079,180.84600525093265,186.59025589982048,12.0,0.9715,1.1152856407617087,
s4_qv_coupling,2,ok,20260911T062848Z_enforce_v4_s4_qv_coupling_seed2_8f21d9aa,55af6897dc5b4faa58885f909164b752f97a91c2,1.0,0.002885457558932103,9.5367431640625e-07,6.333,32.306,174.81728279404342,180.86356783704832,25.0,0.973,1.1233299075025693,
s4_qv_coupling,3,ok,20260911T062848Z_enforce_v4_s4_qv_coupling_seed3_27fbdb2f,55af6897dc5b4faa58885f909164b752f97a91c2,1.0,0.0001770088392447633,1.6689300537109375e-06,6.3505,32.473,181.09330488392152,188.4041843349114,100.0,0.9725,1.1295629820051414,
s4_qv_coupling,4,ok,20260911T062847Z_enforce_v4_s4_qv_coupling_seed4_a1dd36f2,55af6897dc5b4faa58885f909164b752f97a91c2,1.0,0.013406508027401287,9.5367431640625e-07,6.362,32.595,183.64313665684313,189.0568547011353,9.0,0.9705,1.1344667697063369,
s4_qv_coupling,5,ok,20260911T062847Z_enforce_v4_s4_qv_coupling_seed5_4b248c4b,55af6897dc5b4faa58885f909164b752f97a91c2,1.0,0.02385352765850257,9.5367431640625e-07,6.3655,32.602,186.7541443479713,192.8848336271476,41.0,0.974,1.1339835728952772,
s4_qv_coupling,6,ok,20260911T062848Z_enforce_v4_s4_qv_coupling_seed6_0208b2d3,55af6897dc5b4faa58885f909164b752f97a91c2,1.0,0.03832749888897524,9.5367431640625e-07,6.383,32.769,182.91201387392357,189.22977737686597,37.0,0.9735,1.140215716486903,
s4_qv_coupling,7,ok,20260911T062848Z_enforce_v4_s4_qv_coupling_seed7_d60bc606,55af6897dc5b4faa58885f909164b752f97a91c2,1.0,0.008845664140608278,9.5367431640625e-07,6.396,32.905,191.31631049211137,197.71319491788745,56.0,0.9715,1.1456510550694803,
s4_qv_coupling,8,ok,20260911T062848Z_enforce_v4_s4_qv_coupling_seed8_90f6e8d8,55af6897dc5b4faa58885f909164b752f97a91c2,1.0,0.0019526847125348468,9.5367431640625e-07,6.3415,32.378,206.66476410697214,213.10407131910324,15.0,0.974,1.125770020533881,
s4_qv_coupling,9,ok,20260911T062849Z_enforce_v4_s4_qv_coupling_seed9_d0616e0b,55af6897dc5b4faa58885f909164b752f97a91c2,1.0,0.001744425747006062,9.5367431640625e-07,6.3285,32.242,174.0221450930694,181.80117200594395,46.0,0.976,1.120389344262295,
s5_overdetermined,0,diverged,20260911T062849Z_enforce_v4_s5_overdetermined_seed0_f9b4a990,55af6897dc5b4faa58885f909164b752f97a91c2,,,,,,,8.713071921025403,,,,"training diverged (non-finite loss): raise ValueError(""Too many constraints!"")"
s5_overdetermined,1,diverged,20260911T062849Z_enforce_v4_s5_overdetermined_seed1_1bba9015,55af6897dc5b4faa58885f909164b752f97a91c2,,,,,,,8.59895268199034,,,,"training diverged (non-finite loss): raise ValueError(""Too many constraints!"")"
s5_overdetermined,2,diverged,20260911T062849Z_enforce_v4_s5_overdetermined_seed2_b0608bf3,55af6897dc5b4faa58885f909164b752f97a91c2,,,,,,,8.715903233969584,,,,"training diverged (non-finite loss): raise ValueError(""Too many constraints!"")"
s5_overdetermined,3,diverged,20260911T062849Z_enforce_v4_s5_overdetermined_seed3_f885baae,55af6897dc5b4faa58885f909164b752f97a91c2,,,,,,,8.703175764996558,,,,"training diverged (non-finite loss): raise ValueError(""Too many constraints!"")"
s5_overdetermined,4,diverged,20260911T062848Z_enforce_v4_s5_overdetermined_seed4_3ea4fc9b,55af6897dc5b4faa58885f909164b752f97a91c2,,,,,,,8.472609679098241,,,,"training diverged (non-finite loss): raise ValueError(""Too many constraints!"")"
s5_overdetermined,5,diverged,20260911T062848Z_enforce_v4_s5_overdetermined_seed5_82746280,55af6897dc5b4faa58885f909164b752f97a91c2,,,,,,,8.47322800499387,,,,"training diverged (non-finite loss): raise ValueError(""Too many constraints!"")"
s5_overdetermined,6,diverged,20260911T062848Z_enforce_v4_s5_overdetermined_seed6_fa50882c,55af6897dc5b4faa58885f909164b752f97a91c2,,,,,,,8.47152876202017,,,,"training diverged (non-finite loss): raise ValueError(""Too many constraints!"")"
s5_overdetermined,7,diverged,20260911T062848Z_enforce_v4_s5_overdetermined_seed7_c533c90d,55af6897dc5b4faa58885f909164b752f97a91c2,,,,,,,8.457519941031933,,,,"training diverged (non-finite loss): raise ValueError(""Too many constraints!"")"
s5_overdetermined,8,diverged,20260911T062848Z_enforce_v4_s5_overdetermined_seed8_4ac2b38e,55af6897dc5b4faa58885f909164b752f97a91c2,,,,,,,7.214570270036347,,,,"training diverged (non-finite loss): raise ValueError(""Too many constraints!"")"
s5_overdetermined,9,diverged,20260911T062848Z_enforce_v4_s5_overdetermined_seed9_6a4d69d5,55af6897dc5b4faa58885f909164b752f97a91c2,,,,,,,7.284055818920024,,,,"training diverged (non-finite loss): raise ValueError(""Too many constraints!"")"
s6_redundant_ineq,0,ok,20260911T063003Z_enforce_v4_s6_redundant_ineq_seed0_e7c3ee41,55af6897dc5b4faa58885f909164b752f97a91c2,1.0,0.002808733909660077,1.7881393432617188e-07,7.224,130.536,1559.539647648111,1567.0254265919793,2.0,1.0,1.408,
s6_redundant_ineq,1,ok,20260911T063003Z_enforce_v4_s6_redundant_ineq_seed1_aa9de4a4,55af6897dc5b4faa58885f909164b752f97a91c2,1.0,0.0015986127064024913,8.940696716308594e-07,7.179,129.156,1241.4285565470345,1246.6324454699643,1.0,1.0,1.393,
s6_redundant_ineq,2,ok,20260911T063003Z_enforce_v4_s6_redundant_ineq_seed2_4065bc3e,55af6897dc5b4faa58885f909164b752f97a91c2,1.0,0.0017674621362857579,1.7881393432617188e-07,7.092,126.488,1225.2681446950883,1230.7657881230116,2.0,1.0,1.364,
s6_redundant_ineq,3,ok,20260911T063003Z_enforce_v4_s6_redundant_ineq_seed3_83036e6a,55af6897dc5b4faa58885f909164b752f97a91c2,1.0,0.006547375527588883,1.7881393432617188e-07,7.224,130.536,1244.0282398960553,1249.4641887261532,2.0,1.0,1.408,
s6_redundant_ineq,4,ok,20260911T063003Z_enforce_v4_s6_redundant_ineq_seed4_3698d70b,55af6897dc5b4faa58885f909164b752f97a91c2,1.0,0.0021527576886910538,1.7881393432617188e-07,7.2195,130.398,1566.913061182946,1572.876207883004,2.0,1.0,1.4065,
s6_redundant_ineq,5,ok,20260911T063003Z_enforce_v4_s6_redundant_ineq_seed5_5edef95d,55af6897dc5b4faa58885f909164b752f97a91c2,1.0,0.0019340296157679404,1.1920928955078125e-07,7.1055,126.902,1384.0788360401057,1390.0113954641856,2.0,1.0,1.3685,
s6_redundant_ineq,6,ok,20260911T063002Z_enforce_v4_s6_redundant_ineq_seed6_a98d1574,55af6897dc5b4faa58885f909164b752f97a91c2,1.0,0.002287128081661649,1.7881393432617188e-07,7.101,126.764,1660.595229180064,1666.3695457009599,2.0,1.0,1.367,
s6_redundant_ineq,7,ok,20260911T063002Z_enforce_v4_s6_redundant_ineq_seed7_078f46d8,55af6897dc5b4faa58885f909164b752f97a91c2,1.0,0.00437159393550246,1.7881393432617188e-07,7.1775,129.11,1193.2314858413301,1198.424163570162,2.0,1.0,1.3925,
s6_redundant_ineq,8,ok,20260911T063003Z_enforce_v4_s6_redundant_ineq_seed8_2ff0afac,55af6897dc5b4faa58885f909164b752f97a91c2,1.0,0.001860928234691528,1.1920928955078125e-07,7.1025,126.81,1196.0365052013658,1201.3524122517556,2.0,1.0,1.3675,
s6_redundant_ineq,9,ok,20260911T063003Z_enforce_v4_s6_redundant_ineq_seed9_bf7dd8ba,55af6897dc5b4faa58885f909164b752f97a91c2,1.0,0.005435352601125487,1.7881393432617188e-07,7.002,123.728,1170.7236321391538,1176.2147291870788,2.0,1.0,1.334,
