shard,query,n_restarts,winner_restart,winner_obj,winner_max_viol,feasible_at_1e-4,feasible_at_paper_tol,best_max_viol_any_restart
shard000,0,5,1,-0.03767407685518265,0.0,True,True,0.0
shard001,0,5,2,-0.037054743617773056,0.0,True,True,0.0
shard002,0,5,0,-0.03673454746603966,0.0,True,True,0.0
shard003,0,5,0,-0.037719495594501495,0.0,True,True,0.0
shard004,0,5,4,-0.036702465265989304,0.0,True,True,0.0
shard005,0,5,3,-0.038267720490694046,0.0,True,True,0.0
shard006,0,5,2,-0.035907916724681854,0.0,True,True,0.0
shard007,0,5,4,-0.036380477249622345,0.0,True,True,0.0
shard008,0,5,0,-0.03625675290822983,0.0,True,True,0.0
shard009,0,5,4,-0.03760185465216637,0.0,True,True,0.0
shard010,0,5,1,-0.03661684691905975,0.0,True,True,0.0
shard011,0,5,0,-0.036712974309921265,0.0,True,True,0.0
shard012,0,5,2,-0.03739219158887863,0.0,True,True,0.0
shard013,0,5,4,-0.036404553800821304,0.0,True,True,0.0
shard014,0,5,0,-0.03662280738353729,0.0,True,True,0.0
shard015,0,5,0,-0.03708561137318611,0.0,True,True,0.0
shard016,0,5,4,-0.03678421303629875,0.0,True,True,0.0
shard017,0,5,4,-0.037244539707899094,0.0,True,True,0.0
shard018,0,5,4,-0.03850454092025757,0.0,True,True,0.0
shard019,0,5,2,-0.03717394918203354,0.0,True,True,0.0
shard020,0,5,3,-0.03646903857588768,0.0,True,True,0.0
shard021,0,5,0,-0.03692832216620445,0.0,True,True,0.0
shard022,0,5,2,-0.03665348142385483,0.0,True,True,0.0
shard023,0,5,1,-0.0362340547144413,0.0,True,True,0.0
shard024,0,5,1,-0.037892043590545654,0.0,True,True,0.0
shard025,0,5,0,-0.03733321651816368,0.0,True,True,0.0
shard026,0,5,2,-0.03710721433162689,0.0,True,True,0.0
shard027,0,5,1,-0.03674444928765297,0.0,True,True,0.0
shard028,0,5,3,-0.03648199141025543,0.0,True,True,0.0
shard029,0,5,2,-0.036262162029743195,0.0,True,True,0.0
shard030,0,5,1,-0.03713555634021759,0.0,True,True,0.0
shard031,0,5,1,-0.03636767715215683,0.0,True,True,0.0
shard032,0,5,1,-0.03651124984025955,0.0,True,True,0.0
shard033,0,5,2,-0.036085713654756546,0.0,True,True,0.0
shard034,0,5,1,-0.03660890832543373,0.0,True,True,0.0
shard035,0,5,1,-0.037131257355213165,0.0,True,True,0.0
shard036,0,5,1,-0.037127893418073654,0.0,True,True,0.0
shard037,0,5,3,-0.0369877889752388,0.0,True,True,0.0
shard038,0,5,1,-0.03688373789191246,0.0,True,True,0.0
shard039,0,5,1,-0.037511225789785385,0.0,True,True,0.0
shard040,0,5,2,-0.036614321172237396,0.0,True,True,0.0
shard041,0,5,3,-0.036670658737421036,0.0,True,True,0.0
shard042,0,5,3,-0.03620530664920807,0.0,True,True,0.0
shard043,0,5,2,-0.04065746068954468,0.00041859669727273285,False,True,0.0
shard044,0,5,4,-0.036306239664554596,0.0,True,True,0.0
shard045,0,5,4,-0.03794117644429207,0.0,True,True,0.0
shard046,0,5,2,-0.03649687394499779,0.0,True,True,0.0
shard047,0,5,2,-0.03689737245440483,0.0,True,True,0.0
shard048,0,5,2,-0.03720209375023842,0.0,True,True,0.0
shard049,0,5,3,-0.04088209196925163,0.0,True,True,0.0
shard050,0,5,1,-0.03721150383353233,0.0,True,True,0.0
shard051,0,5,1,-0.036852218210697174,0.0,True,True,0.0
shard052,0,5,0,-0.03654498606920242,0.0,True,True,0.0
shard053,0,5,2,-0.036170925945043564,0.0,True,True,0.0
shard054,0,5,1,-0.03771825134754181,0.0,True,True,0.0
shard055,0,5,0,-0.03630342334508896,0.0,True,True,0.0
shard056,0,5,4,-0.03705774247646332,0.0,True,True,0.0
shard057,0,5,3,-0.037165604531764984,0.0,True,True,0.0
shard058,0,5,2,-0.037362080067396164,0.0,True,True,0.0
shard059,0,5,1,-0.03787560388445854,0.0,True,True,0.0
shard060,0,5,1,-0.0360335111618042,0.0,True,True,0.0
shard061,0,5,1,-0.03672156110405922,0.0,True,True,0.0
shard062,0,5,0,-0.03742512688040733,0.0,True,True,0.0
shard063,0,5,3,-0.03677352890372276,0.0,True,True,0.0
