bench,seed,K,dtype,viol_max,feas_at_1e-4,run_dir
s1_sphere_track,0,1,fp32,0.0009544789791107178,0,20260526T120810Z_pal_loggap_s1_sphere_track_seed0_fd1693e7
s1_sphere_track,0,2,fp32,7.450580596923828e-07,1,20260526T120810Z_pal_loggap_s1_sphere_track_seed0_fd1693e7
s1_sphere_track,0,5,fp32,2.384185791015625e-07,1,20260526T120810Z_pal_loggap_s1_sphere_track_seed0_fd1693e7
s1_sphere_track,0,10,fp32,2.384185791015625e-07,1,20260526T120810Z_pal_loggap_s1_sphere_track_seed0_fd1693e7
s1_sphere_track,0,100,fp32,2.384185791015625e-07,1,20260526T120810Z_pal_loggap_s1_sphere_track_seed0_fd1693e7
s1_sphere_track,0,1,fp64,0.0009544590626119343,0,20260526T120810Z_pal_loggap_s1_sphere_track_seed0_fd1693e7
s1_sphere_track,0,2,fp64,7.553335327759036e-07,1,20260526T120810Z_pal_loggap_s1_sphere_track_seed0_fd1693e7
s1_sphere_track,0,5,fp64,8.881784197001252e-16,1,20260526T120810Z_pal_loggap_s1_sphere_track_seed0_fd1693e7
s1_sphere_track,0,10,fp64,8.881784197001252e-16,1,20260526T120810Z_pal_loggap_s1_sphere_track_seed0_fd1693e7
s1_sphere_track,0,100,fp64,8.881784197001252e-16,1,20260526T120810Z_pal_loggap_s1_sphere_track_seed0_fd1693e7
s1_sphere_track,2,1,fp32,0.00010347366333007812,0,20260526T120810Z_pal_loggap_s1_sphere_track_seed2_ac7de7a2
s1_sphere_track,2,2,fp32,4.76837158203125e-07,1,20260526T120810Z_pal_loggap_s1_sphere_track_seed2_ac7de7a2
s1_sphere_track,2,5,fp32,2.384185791015625e-07,1,20260526T120810Z_pal_loggap_s1_sphere_track_seed2_ac7de7a2
s1_sphere_track,2,10,fp32,2.384185791015625e-07,1,20260526T120810Z_pal_loggap_s1_sphere_track_seed2_ac7de7a2
s1_sphere_track,2,100,fp32,2.384185791015625e-07,1,20260526T120810Z_pal_loggap_s1_sphere_track_seed2_ac7de7a2
s1_sphere_track,2,1,fp64,0.00010337845442687232,0,20260526T120810Z_pal_loggap_s1_sphere_track_seed2_ac7de7a2
s1_sphere_track,2,2,fp64,1.4536212233906554e-09,1,20260526T120810Z_pal_loggap_s1_sphere_track_seed2_ac7de7a2
s1_sphere_track,2,5,fp64,4.440892098500626e-16,1,20260526T120810Z_pal_loggap_s1_sphere_track_seed2_ac7de7a2
s1_sphere_track,2,10,fp64,4.440892098500626e-16,1,20260526T120810Z_pal_loggap_s1_sphere_track_seed2_ac7de7a2
s1_sphere_track,2,100,fp64,4.440892098500626e-16,1,20260526T120810Z_pal_loggap_s1_sphere_track_seed2_ac7de7a2
s1_sphere_track,6,1,fp32,0.0004820823669433594,0,20260526T120810Z_pal_loggap_s1_sphere_track_seed6_22cb2284
s1_sphere_track,6,2,fp32,4.76837158203125e-07,1,20260526T120810Z_pal_loggap_s1_sphere_track_seed6_22cb2284
s1_sphere_track,6,5,fp32,4.76837158203125e-07,1,20260526T120810Z_pal_loggap_s1_sphere_track_seed6_22cb2284
s1_sphere_track,6,10,fp32,4.76837158203125e-07,1,20260526T120810Z_pal_loggap_s1_sphere_track_seed6_22cb2284
s1_sphere_track,6,100,fp32,4.76837158203125e-07,1,20260526T120810Z_pal_loggap_s1_sphere_track_seed6_22cb2284
s1_sphere_track,6,1,fp64,0.00048202270359354316,0,20260526T120810Z_pal_loggap_s1_sphere_track_seed6_22cb2284
s1_sphere_track,6,2,fp64,1.7266326146625488e-08,1,20260526T120810Z_pal_loggap_s1_sphere_track_seed6_22cb2284
s1_sphere_track,6,5,fp64,8.881784197001252e-16,1,20260526T120810Z_pal_loggap_s1_sphere_track_seed6_22cb2284
s1_sphere_track,6,10,fp64,8.881784197001252e-16,1,20260526T120810Z_pal_loggap_s1_sphere_track_seed6_22cb2284
s1_sphere_track,6,100,fp64,8.881784197001252e-16,1,20260526T120810Z_pal_loggap_s1_sphere_track_seed6_22cb2284
s1_sphere_track,8,1,fp32,0.001528024673461914,0,20260526T120810Z_pal_loggap_s1_sphere_track_seed8_0bfd526e
s1_sphere_track,8,2,fp32,7.748603820800781e-07,1,20260526T120810Z_pal_loggap_s1_sphere_track_seed8_0bfd526e
s1_sphere_track,8,5,fp32,4.76837158203125e-07,1,20260526T120810Z_pal_loggap_s1_sphere_track_seed8_0bfd526e
s1_sphere_track,8,10,fp32,4.76837158203125e-07,1,20260526T120810Z_pal_loggap_s1_sphere_track_seed8_0bfd526e
s1_sphere_track,8,100,fp32,4.76837158203125e-07,1,20260526T120810Z_pal_loggap_s1_sphere_track_seed8_0bfd526e
s1_sphere_track,8,1,fp64,0.0015280998874585006,0,20260526T120810Z_pal_loggap_s1_sphere_track_seed8_0bfd526e
s1_sphere_track,8,2,fp64,7.119246413500591e-07,1,20260526T120810Z_pal_loggap_s1_sphere_track_seed8_0bfd526e
s1_sphere_track,8,5,fp64,8.881784197001252e-16,1,20260526T120810Z_pal_loggap_s1_sphere_track_seed8_0bfd526e
s1_sphere_track,8,10,fp64,8.881784197001252e-16,1,20260526T120810Z_pal_loggap_s1_sphere_track_seed8_0bfd526e
s1_sphere_track,8,100,fp64,8.881784197001252e-16,1,20260526T120810Z_pal_loggap_s1_sphere_track_seed8_0bfd526e
s2_active_set_switch,2,1,fp32,0.00030923483427613974,0,20260526T120810Z_pal_loggap_s2_active_set_switch_seed2_3d378310
s2_active_set_switch,2,2,fp32,1.1920928955078125e-07,1,20260526T120810Z_pal_loggap_s2_active_set_switch_seed2_3d378310
s2_active_set_switch,2,5,fp32,1.1920928955078125e-07,1,20260526T120810Z_pal_loggap_s2_active_set_switch_seed2_3d378310
s2_active_set_switch,2,10,fp32,1.1920928955078125e-07,1,20260526T120810Z_pal_loggap_s2_active_set_switch_seed2_3d378310
s2_active_set_switch,2,100,fp32,1.1920928955078125e-07,1,20260526T120810Z_pal_loggap_s2_active_set_switch_seed2_3d378310
s2_active_set_switch,2,1,fp64,0.0003092343965414015,0,20260526T120810Z_pal_loggap_s2_active_set_switch_seed2_3d378310
s2_active_set_switch,2,2,fp64,3.4359351811213273e-10,1,20260526T120810Z_pal_loggap_s2_active_set_switch_seed2_3d378310
s2_active_set_switch,2,5,fp64,2.220446049250313e-16,1,20260526T120810Z_pal_loggap_s2_active_set_switch_seed2_3d378310
s2_active_set_switch,2,10,fp64,2.220446049250313e-16,1,20260526T120810Z_pal_loggap_s2_active_set_switch_seed2_3d378310
s2_active_set_switch,2,100,fp64,2.220446049250313e-16,1,20260526T120810Z_pal_loggap_s2_active_set_switch_seed2_3d378310
s2_active_set_switch,8,1,fp32,1.1920928955078125e-07,1,20260526T120810Z_pal_loggap_s2_active_set_switch_seed8_ae1b78a0
s2_active_set_switch,8,2,fp32,1.1920928955078125e-07,1,20260526T120810Z_pal_loggap_s2_active_set_switch_seed8_ae1b78a0
s2_active_set_switch,8,5,fp32,1.1920928955078125e-07,1,20260526T120810Z_pal_loggap_s2_active_set_switch_seed8_ae1b78a0
s2_active_set_switch,8,10,fp32,1.1920928955078125e-07,1,20260526T120810Z_pal_loggap_s2_active_set_switch_seed8_ae1b78a0
s2_active_set_switch,8,100,fp32,1.1920928955078125e-07,1,20260526T120810Z_pal_loggap_s2_active_set_switch_seed8_ae1b78a0
s2_active_set_switch,8,1,fp64,8.285754304893089e-10,1,20260526T120810Z_pal_loggap_s2_active_set_switch_seed8_ae1b78a0
s2_active_set_switch,8,2,fp64,3.3306690738754696e-16,1,20260526T120810Z_pal_loggap_s2_active_set_switch_seed8_ae1b78a0
s2_active_set_switch,8,5,fp64,2.220446049250313e-16,1,20260526T120810Z_pal_loggap_s2_active_set_switch_seed8_ae1b78a0
s2_active_set_switch,8,10,fp64,2.220446049250313e-16,1,20260526T120810Z_pal_loggap_s2_active_set_switch_seed8_ae1b78a0
s2_active_set_switch,8,100,fp64,2.220446049250313e-16,1,20260526T120810Z_pal_loggap_s2_active_set_switch_seed8_ae1b78a0
s3_illcond_tube,2,1,fp32,8.940696716308594e-08,1,20260526T120810Z_pal_loggap_s3_illcond_tube_seed2_068d72fa
s3_illcond_tube,2,2,fp32,2.9802322387695312e-08,1,20260526T120810Z_pal_loggap_s3_illcond_tube_seed2_068d72fa
s3_illcond_tube,2,5,fp32,2.9802322387695312e-08,1,20260526T120810Z_pal_loggap_s3_illcond_tube_seed2_068d72fa
s3_illcond_tube,2,10,fp32,2.9802322387695312e-08,1,20260526T120810Z_pal_loggap_s3_illcond_tube_seed2_068d72fa
s3_illcond_tube,2,100,fp32,2.9802322387695312e-08,1,20260526T120810Z_pal_loggap_s3_illcond_tube_seed2_068d72fa
s3_illcond_tube,2,1,fp64,2.789359861143925e-09,1,20260526T120810Z_pal_loggap_s3_illcond_tube_seed2_068d72fa
s3_illcond_tube,2,2,fp64,2.779027008514845e-15,1,20260526T120810Z_pal_loggap_s3_illcond_tube_seed2_068d72fa
s3_illcond_tube,2,5,fp64,5.551115123125783e-17,1,20260526T120810Z_pal_loggap_s3_illcond_tube_seed2_068d72fa
s3_illcond_tube,2,10,fp64,3.469446951953614e-17,1,20260526T120810Z_pal_loggap_s3_illcond_tube_seed2_068d72fa
s3_illcond_tube,2,100,fp64,3.469446951953614e-17,1,20260526T120810Z_pal_loggap_s3_illcond_tube_seed2_068d72fa
s3_illcond_tube,3,1,fp32,1.341104507446289e-07,1,20260526T120810Z_pal_loggap_s3_illcond_tube_seed3_5c63ce09
s3_illcond_tube,3,2,fp32,7.450580596923828e-08,1,20260526T120810Z_pal_loggap_s3_illcond_tube_seed3_5c63ce09
s3_illcond_tube,3,5,fp32,4.470348358154297e-08,1,20260526T120810Z_pal_loggap_s3_illcond_tube_seed3_5c63ce09
s3_illcond_tube,3,10,fp32,1.4901161193847656e-08,1,20260526T120810Z_pal_loggap_s3_illcond_tube_seed3_5c63ce09
s3_illcond_tube,3,100,fp32,1.4901161193847656e-08,1,20260526T120810Z_pal_loggap_s3_illcond_tube_seed3_5c63ce09
s3_illcond_tube,3,1,fp64,1.577030520755196e-08,1,20260526T120810Z_pal_loggap_s3_illcond_tube_seed3_5c63ce09
s3_illcond_tube,3,2,fp64,1.594557819117881e-14,1,20260526T120810Z_pal_loggap_s3_illcond_tube_seed3_5c63ce09
s3_illcond_tube,3,5,fp64,6.245004513516506e-17,1,20260526T120810Z_pal_loggap_s3_illcond_tube_seed3_5c63ce09
s3_illcond_tube,3,10,fp64,3.469446951953614e-17,1,20260526T120810Z_pal_loggap_s3_illcond_tube_seed3_5c63ce09
s3_illcond_tube,3,100,fp64,2.0816681711721685e-17,1,20260526T120810Z_pal_loggap_s3_illcond_tube_seed3_5c63ce09
s3_illcond_tube,6,1,fp32,7.450580596923828e-08,1,20260526T120810Z_pal_loggap_s3_illcond_tube_seed6_7c181376
s3_illcond_tube,6,2,fp32,4.470348358154297e-08,1,20260526T120810Z_pal_loggap_s3_illcond_tube_seed6_7c181376
s3_illcond_tube,6,5,fp32,1.4901161193847656e-08,1,20260526T120810Z_pal_loggap_s3_illcond_tube_seed6_7c181376
s3_illcond_tube,6,10,fp32,1.4901161193847656e-08,1,20260526T120810Z_pal_loggap_s3_illcond_tube_seed6_7c181376
s3_illcond_tube,6,100,fp32,1.4901161193847656e-08,1,20260526T120810Z_pal_loggap_s3_illcond_tube_seed6_7c181376
s3_illcond_tube,6,1,fp64,9.143282721224555e-09,1,20260526T120810Z_pal_loggap_s3_illcond_tube_seed6_7c181376
s3_illcond_tube,6,2,fp64,9.228728892196614e-15,1,20260526T120810Z_pal_loggap_s3_illcond_tube_seed6_7c181376
s3_illcond_tube,6,5,fp64,4.85722573273506e-17,1,20260526T120810Z_pal_loggap_s3_illcond_tube_seed6_7c181376
s3_illcond_tube,6,10,fp64,1.3877787807814457e-17,1,20260526T120810Z_pal_loggap_s3_illcond_tube_seed6_7c181376
s3_illcond_tube,6,100,fp64,6.938893903907228e-18,1,20260526T120810Z_pal_loggap_s3_illcond_tube_seed6_7c181376
s3_illcond_tube,9,1,fp32,8.940696716308594e-08,1,20260526T120810Z_pal_loggap_s3_illcond_tube_seed9_36a9cf20
s3_illcond_tube,9,2,fp32,8.940696716308594e-08,1,20260526T120810Z_pal_loggap_s3_illcond_tube_seed9_36a9cf20
s3_illcond_tube,9,5,fp32,8.940696716308594e-08,1,20260526T120810Z_pal_loggap_s3_illcond_tube_seed9_36a9cf20
s3_illcond_tube,9,10,fp32,8.940696716308594e-08,1,20260526T120810Z_pal_loggap_s3_illcond_tube_seed9_36a9cf20
s3_illcond_tube,9,100,fp32,8.940696716308594e-08,1,20260526T120810Z_pal_loggap_s3_illcond_tube_seed9_36a9cf20
s3_illcond_tube,9,1,fp64,6.09686562347278e-09,1,20260526T120810Z_pal_loggap_s3_illcond_tube_seed9_36a9cf20
s3_illcond_tube,9,2,fp64,6.099287741534454e-15,1,20260526T120810Z_pal_loggap_s3_illcond_tube_seed9_36a9cf20
s3_illcond_tube,9,5,fp64,4.163336342344337e-17,1,20260526T120810Z_pal_loggap_s3_illcond_tube_seed9_36a9cf20
s3_illcond_tube,9,10,fp64,2.0816681711721685e-17,1,20260526T120810Z_pal_loggap_s3_illcond_tube_seed9_36a9cf20
s3_illcond_tube,9,100,fp64,3.469446951953614e-17,1,20260526T120810Z_pal_loggap_s3_illcond_tube_seed9_36a9cf20
s1_sphere_track,1,1,fp32,0.00011456012725830078,0,20260526T120811Z_pal_loggap_s1_sphere_track_seed1_f99303a4
s1_sphere_track,1,2,fp32,4.76837158203125e-07,1,20260526T120811Z_pal_loggap_s1_sphere_track_seed1_f99303a4
s1_sphere_track,1,5,fp32,4.76837158203125e-07,1,20260526T120811Z_pal_loggap_s1_sphere_track_seed1_f99303a4
s1_sphere_track,1,10,fp32,4.76837158203125e-07,1,20260526T120811Z_pal_loggap_s1_sphere_track_seed1_f99303a4
s1_sphere_track,1,100,fp32,4.76837158203125e-07,1,20260526T120811Z_pal_loggap_s1_sphere_track_seed1_f99303a4
s1_sphere_track,1,1,fp64,0.00011452599091155147,0,20260526T120811Z_pal_loggap_s1_sphere_track_seed1_f99303a4
s1_sphere_track,1,2,fp64,4.466231606770066e-09,1,20260526T120811Z_pal_loggap_s1_sphere_track_seed1_f99303a4
s1_sphere_track,1,5,fp64,8.881784197001252e-16,1,20260526T120811Z_pal_loggap_s1_sphere_track_seed1_f99303a4
s1_sphere_track,1,10,fp64,8.881784197001252e-16,1,20260526T120811Z_pal_loggap_s1_sphere_track_seed1_f99303a4
s1_sphere_track,1,100,fp64,8.881784197001252e-16,1,20260526T120811Z_pal_loggap_s1_sphere_track_seed1_f99303a4
s1_sphere_track,3,1,fp32,0.0011022090911865234,0,20260526T120811Z_pal_loggap_s1_sphere_track_seed3_0b57d475
s1_sphere_track,3,2,fp32,4.76837158203125e-07,1,20260526T120811Z_pal_loggap_s1_sphere_track_seed3_0b57d475
s1_sphere_track,3,5,fp32,2.384185791015625e-07,1,20260526T120811Z_pal_loggap_s1_sphere_track_seed3_0b57d475
s1_sphere_track,3,10,fp32,2.384185791015625e-07,1,20260526T120811Z_pal_loggap_s1_sphere_track_seed3_0b57d475
s1_sphere_track,3,100,fp32,2.384185791015625e-07,1,20260526T120811Z_pal_loggap_s1_sphere_track_seed3_0b57d475
s1_sphere_track,3,1,fp64,0.0011022714118915644,0,20260526T120811Z_pal_loggap_s1_sphere_track_seed3_0b57d475
s1_sphere_track,3,2,fp64,9.091515273951245e-08,1,20260526T120811Z_pal_loggap_s1_sphere_track_seed3_0b57d475
s1_sphere_track,3,5,fp64,4.440892098500626e-16,1,20260526T120811Z_pal_loggap_s1_sphere_track_seed3_0b57d475
s1_sphere_track,3,10,fp64,4.440892098500626e-16,1,20260526T120811Z_pal_loggap_s1_sphere_track_seed3_0b57d475
s1_sphere_track,3,100,fp64,4.440892098500626e-16,1,20260526T120811Z_pal_loggap_s1_sphere_track_seed3_0b57d475
s1_sphere_track,4,1,fp32,4.857778549194336e-05,1,20260526T120811Z_pal_loggap_s1_sphere_track_seed4_e1b3f5da
s1_sphere_track,4,2,fp32,4.76837158203125e-07,1,20260526T120811Z_pal_loggap_s1_sphere_track_seed4_e1b3f5da
s1_sphere_track,4,5,fp32,4.76837158203125e-07,1,20260526T120811Z_pal_loggap_s1_sphere_track_seed4_e1b3f5da
s1_sphere_track,4,10,fp32,4.76837158203125e-07,1,20260526T120811Z_pal_loggap_s1_sphere_track_seed4_e1b3f5da
s1_sphere_track,4,100,fp32,4.76837158203125e-07,1,20260526T120811Z_pal_loggap_s1_sphere_track_seed4_e1b3f5da
s1_sphere_track,4,1,fp64,4.860681562263158e-05,1,20260526T120811Z_pal_loggap_s1_sphere_track_seed4_e1b3f5da
s1_sphere_track,4,2,fp64,1.9097483594521236e-09,1,20260526T120811Z_pal_loggap_s1_sphere_track_seed4_e1b3f5da
s1_sphere_track,4,5,fp64,4.440892098500626e-16,1,20260526T120811Z_pal_loggap_s1_sphere_track_seed4_e1b3f5da
s1_sphere_track,4,10,fp64,4.440892098500626e-16,1,20260526T120811Z_pal_loggap_s1_sphere_track_seed4_e1b3f5da
s1_sphere_track,4,100,fp64,4.440892098500626e-16,1,20260526T120811Z_pal_loggap_s1_sphere_track_seed4_e1b3f5da
s1_sphere_track,5,1,fp32,0.0005501508712768555,0,20260526T120811Z_pal_loggap_s1_sphere_track_seed5_10b6137e
s1_sphere_track,5,2,fp32,4.76837158203125e-07,1,20260526T120811Z_pal_loggap_s1_sphere_track_seed5_10b6137e
s1_sphere_track,5,5,fp32,2.384185791015625e-07,1,20260526T120811Z_pal_loggap_s1_sphere_track_seed5_10b6137e
s1_sphere_track,5,10,fp32,2.384185791015625e-07,1,20260526T120811Z_pal_loggap_s1_sphere_track_seed5_10b6137e
s1_sphere_track,5,100,fp32,2.384185791015625e-07,1,20260526T120811Z_pal_loggap_s1_sphere_track_seed5_10b6137e
s1_sphere_track,5,1,fp64,0.0005501956053119983,0,20260526T120811Z_pal_loggap_s1_sphere_track_seed5_10b6137e
s1_sphere_track,5,2,fp64,8.054673716895167e-08,1,20260526T120811Z_pal_loggap_s1_sphere_track_seed5_10b6137e
s1_sphere_track,5,5,fp64,8.881784197001252e-16,1,20260526T120811Z_pal_loggap_s1_sphere_track_seed5_10b6137e
s1_sphere_track,5,10,fp64,8.881784197001252e-16,1,20260526T120811Z_pal_loggap_s1_sphere_track_seed5_10b6137e
s1_sphere_track,5,100,fp64,8.881784197001252e-16,1,20260526T120811Z_pal_loggap_s1_sphere_track_seed5_10b6137e
s1_sphere_track,7,1,fp32,0.0024831295013427734,0,20260526T120811Z_pal_loggap_s1_sphere_track_seed7_a109c945
s1_sphere_track,7,2,fp32,9.5367431640625e-07,1,20260526T120811Z_pal_loggap_s1_sphere_track_seed7_a109c945
s1_sphere_track,7,5,fp32,4.76837158203125e-07,1,20260526T120811Z_pal_loggap_s1_sphere_track_seed7_a109c945
s1_sphere_track,7,10,fp32,4.76837158203125e-07,1,20260526T120811Z_pal_loggap_s1_sphere_track_seed7_a109c945
s1_sphere_track,7,100,fp32,4.76837158203125e-07,1,20260526T120811Z_pal_loggap_s1_sphere_track_seed7_a109c945
s1_sphere_track,7,1,fp64,0.0024835002004084394,0,20260526T120811Z_pal_loggap_s1_sphere_track_seed7_a109c945
s1_sphere_track,7,2,fp64,4.535340289990586e-07,1,20260526T120811Z_pal_loggap_s1_sphere_track_seed7_a109c945
s1_sphere_track,7,5,fp64,8.881784197001252e-16,1,20260526T120811Z_pal_loggap_s1_sphere_track_seed7_a109c945
s1_sphere_track,7,10,fp64,8.881784197001252e-16,1,20260526T120811Z_pal_loggap_s1_sphere_track_seed7_a109c945
s1_sphere_track,7,100,fp64,8.881784197001252e-16,1,20260526T120811Z_pal_loggap_s1_sphere_track_seed7_a109c945
s1_sphere_track,9,1,fp32,0.0011092424392700195,0,20260526T120811Z_pal_loggap_s1_sphere_track_seed9_cf53ebec
s1_sphere_track,9,2,fp32,4.76837158203125e-07,1,20260526T120811Z_pal_loggap_s1_sphere_track_seed9_cf53ebec
s1_sphere_track,9,5,fp32,2.384185791015625e-07,1,20260526T120811Z_pal_loggap_s1_sphere_track_seed9_cf53ebec
s1_sphere_track,9,10,fp32,2.384185791015625e-07,1,20260526T120811Z_pal_loggap_s1_sphere_track_seed9_cf53ebec
s1_sphere_track,9,100,fp32,2.384185791015625e-07,1,20260526T120811Z_pal_loggap_s1_sphere_track_seed9_cf53ebec
s1_sphere_track,9,1,fp64,0.0011092238440932878,0,20260526T120811Z_pal_loggap_s1_sphere_track_seed9_cf53ebec
s1_sphere_track,9,2,fp64,3.4201621135210303e-07,1,20260526T120811Z_pal_loggap_s1_sphere_track_seed9_cf53ebec
s1_sphere_track,9,5,fp64,8.881784197001252e-16,1,20260526T120811Z_pal_loggap_s1_sphere_track_seed9_cf53ebec
s1_sphere_track,9,10,fp64,8.881784197001252e-16,1,20260526T120811Z_pal_loggap_s1_sphere_track_seed9_cf53ebec
s1_sphere_track,9,100,fp64,8.881784197001252e-16,1,20260526T120811Z_pal_loggap_s1_sphere_track_seed9_cf53ebec
s2_active_set_switch,0,1,fp32,1.1920928955078125e-07,1,20260526T120811Z_pal_loggap_s2_active_set_switch_seed0_0725144c
s2_active_set_switch,0,2,fp32,1.1920928955078125e-07,1,20260526T120811Z_pal_loggap_s2_active_set_switch_seed0_0725144c
s2_active_set_switch,0,5,fp32,1.1920928955078125e-07,1,20260526T120811Z_pal_loggap_s2_active_set_switch_seed0_0725144c
s2_active_set_switch,0,10,fp32,1.1920928955078125e-07,1,20260526T120811Z_pal_loggap_s2_active_set_switch_seed0_0725144c
s2_active_set_switch,0,100,fp32,1.1920928955078125e-07,1,20260526T120811Z_pal_loggap_s2_active_set_switch_seed0_0725144c
s2_active_set_switch,0,1,fp64,9.849486781732253e-10,1,20260526T120811Z_pal_loggap_s2_active_set_switch_seed0_0725144c
s2_active_set_switch,0,2,fp64,3.3306690738754696e-16,1,20260526T120811Z_pal_loggap_s2_active_set_switch_seed0_0725144c
s2_active_set_switch,0,5,fp64,2.220446049250313e-16,1,20260526T120811Z_pal_loggap_s2_active_set_switch_seed0_0725144c
s2_active_set_switch,0,10,fp64,2.220446049250313e-16,1,20260526T120811Z_pal_loggap_s2_active_set_switch_seed0_0725144c
s2_active_set_switch,0,100,fp64,2.220446049250313e-16,1,20260526T120811Z_pal_loggap_s2_active_set_switch_seed0_0725144c
s2_active_set_switch,1,1,fp32,0.0003215372562408447,0,20260526T120811Z_pal_loggap_s2_active_set_switch_seed1_ce89cdb4
s2_active_set_switch,1,2,fp32,2.384185791015625e-07,1,20260526T120811Z_pal_loggap_s2_active_set_switch_seed1_ce89cdb4
s2_active_set_switch,1,5,fp32,2.384185791015625e-07,1,20260526T120811Z_pal_loggap_s2_active_set_switch_seed1_ce89cdb4
s2_active_set_switch,1,10,fp32,2.384185791015625e-07,1,20260526T120811Z_pal_loggap_s2_active_set_switch_seed1_ce89cdb4
s2_active_set_switch,1,100,fp32,2.384185791015625e-07,1,20260526T120811Z_pal_loggap_s2_active_set_switch_seed1_ce89cdb4
s2_active_set_switch,1,1,fp64,0.0003215166043879121,0,20260526T120811Z_pal_loggap_s2_active_set_switch_seed1_ce89cdb4
s2_active_set_switch,1,2,fp64,3.5724042338680304e-10,1,20260526T120811Z_pal_loggap_s2_active_set_switch_seed1_ce89cdb4
s2_active_set_switch,1,5,fp64,2.220446049250313e-16,1,20260526T120811Z_pal_loggap_s2_active_set_switch_seed1_ce89cdb4
s2_active_set_switch,1,10,fp64,2.220446049250313e-16,1,20260526T120811Z_pal_loggap_s2_active_set_switch_seed1_ce89cdb4
s2_active_set_switch,1,100,fp64,2.220446049250313e-16,1,20260526T120811Z_pal_loggap_s2_active_set_switch_seed1_ce89cdb4
s2_active_set_switch,3,1,fp32,1.1920928955078125e-07,1,20260526T120811Z_pal_loggap_s2_active_set_switch_seed3_f6ec5bef
s2_active_set_switch,3,2,fp32,1.1920928955078125e-07,1,20260526T120811Z_pal_loggap_s2_active_set_switch_seed3_f6ec5bef
s2_active_set_switch,3,5,fp32,1.1920928955078125e-07,1,20260526T120811Z_pal_loggap_s2_active_set_switch_seed3_f6ec5bef
s2_active_set_switch,3,10,fp32,1.1920928955078125e-07,1,20260526T120811Z_pal_loggap_s2_active_set_switch_seed3_f6ec5bef
s2_active_set_switch,3,100,fp32,1.1920928955078125e-07,1,20260526T120811Z_pal_loggap_s2_active_set_switch_seed3_f6ec5bef
s2_active_set_switch,3,1,fp64,9.322095317898516e-10,1,20260526T120811Z_pal_loggap_s2_active_set_switch_seed3_f6ec5bef
s2_active_set_switch,3,2,fp64,3.3306690738754696e-16,1,20260526T120811Z_pal_loggap_s2_active_set_switch_seed3_f6ec5bef
s2_active_set_switch,3,5,fp64,2.220446049250313e-16,1,20260526T120811Z_pal_loggap_s2_active_set_switch_seed3_f6ec5bef
s2_active_set_switch,3,10,fp64,2.220446049250313e-16,1,20260526T120811Z_pal_loggap_s2_active_set_switch_seed3_f6ec5bef
s2_active_set_switch,3,100,fp64,2.220446049250313e-16,1,20260526T120811Z_pal_loggap_s2_active_set_switch_seed3_f6ec5bef
s2_active_set_switch,4,1,fp32,0.0007259607082232833,0,20260526T120811Z_pal_loggap_s2_active_set_switch_seed4_e61ce7ee
s2_active_set_switch,4,2,fp32,3.4123593650292605e-05,1,20260526T120811Z_pal_loggap_s2_active_set_switch_seed4_e61ce7ee
s2_active_set_switch,4,5,fp32,1.1920928955078125e-07,1,20260526T120811Z_pal_loggap_s2_active_set_switch_seed4_e61ce7ee
s2_active_set_switch,4,10,fp32,1.1920928955078125e-07,1,20260526T120811Z_pal_loggap_s2_active_set_switch_seed4_e61ce7ee
s2_active_set_switch,4,100,fp32,1.1920928955078125e-07,1,20260526T120811Z_pal_loggap_s2_active_set_switch_seed4_e61ce7ee
s2_active_set_switch,4,1,fp64,0.0007259598109459211,0,20260526T120811Z_pal_loggap_s2_active_set_switch_seed4_e61ce7ee
s2_active_set_switch,4,2,fp64,3.411892573763839e-05,1,20260526T120811Z_pal_loggap_s2_active_set_switch_seed4_e61ce7ee
s2_active_set_switch,4,5,fp64,2.220446049250313e-16,1,20260526T120811Z_pal_loggap_s2_active_set_switch_seed4_e61ce7ee
s2_active_set_switch,4,10,fp64,2.220446049250313e-16,1,20260526T120811Z_pal_loggap_s2_active_set_switch_seed4_e61ce7ee
s2_active_set_switch,4,100,fp64,2.220446049250313e-16,1,20260526T120811Z_pal_loggap_s2_active_set_switch_seed4_e61ce7ee
s2_active_set_switch,5,1,fp32,1.1920928955078125e-07,1,20260526T120811Z_pal_loggap_s2_active_set_switch_seed5_2914f715
s2_active_set_switch,5,2,fp32,1.1920928955078125e-07,1,20260526T120811Z_pal_loggap_s2_active_set_switch_seed5_2914f715
s2_active_set_switch,5,5,fp32,1.1920928955078125e-07,1,20260526T120811Z_pal_loggap_s2_active_set_switch_seed5_2914f715
s2_active_set_switch,5,10,fp32,1.1920928955078125e-07,1,20260526T120811Z_pal_loggap_s2_active_set_switch_seed5_2914f715
s2_active_set_switch,5,100,fp32,1.1920928955078125e-07,1,20260526T120811Z_pal_loggap_s2_active_set_switch_seed5_2914f715
s2_active_set_switch,5,1,fp64,1.126923443450778e-09,1,20260526T120811Z_pal_loggap_s2_active_set_switch_seed5_2914f715
s2_active_set_switch,5,2,fp64,4.440892098500626e-16,1,20260526T120811Z_pal_loggap_s2_active_set_switch_seed5_2914f715
s2_active_set_switch,5,5,fp64,2.220446049250313e-16,1,20260526T120811Z_pal_loggap_s2_active_set_switch_seed5_2914f715
s2_active_set_switch,5,10,fp64,2.220446049250313e-16,1,20260526T120811Z_pal_loggap_s2_active_set_switch_seed5_2914f715
s2_active_set_switch,5,100,fp64,2.220446049250313e-16,1,20260526T120811Z_pal_loggap_s2_active_set_switch_seed5_2914f715
s2_active_set_switch,6,1,fp32,1.1920928955078125e-07,1,20260526T120811Z_pal_loggap_s2_active_set_switch_seed6_9ff4598b
s2_active_set_switch,6,2,fp32,1.1920928955078125e-07,1,20260526T120811Z_pal_loggap_s2_active_set_switch_seed6_9ff4598b
s2_active_set_switch,6,5,fp32,1.1920928955078125e-07,1,20260526T120811Z_pal_loggap_s2_active_set_switch_seed6_9ff4598b
s2_active_set_switch,6,10,fp32,1.1920928955078125e-07,1,20260526T120811Z_pal_loggap_s2_active_set_switch_seed6_9ff4598b
s2_active_set_switch,6,100,fp32,1.1920928955078125e-07,1,20260526T120811Z_pal_loggap_s2_active_set_switch_seed6_9ff4598b
s2_active_set_switch,6,1,fp64,9.693050806447445e-10,1,20260526T120811Z_pal_loggap_s2_active_set_switch_seed6_9ff4598b
s2_active_set_switch,6,2,fp64,2.220446049250313e-16,1,20260526T120811Z_pal_loggap_s2_active_set_switch_seed6_9ff4598b
s2_active_set_switch,6,5,fp64,2.220446049250313e-16,1,20260526T120811Z_pal_loggap_s2_active_set_switch_seed6_9ff4598b
s2_active_set_switch,6,10,fp64,2.220446049250313e-16,1,20260526T120811Z_pal_loggap_s2_active_set_switch_seed6_9ff4598b
s2_active_set_switch,6,100,fp64,2.220446049250313e-16,1,20260526T120811Z_pal_loggap_s2_active_set_switch_seed6_9ff4598b
s2_active_set_switch,7,1,fp32,1.1920928955078125e-07,1,20260526T120811Z_pal_loggap_s2_active_set_switch_seed7_24bd56a9
s2_active_set_switch,7,2,fp32,1.1920928955078125e-07,1,20260526T120811Z_pal_loggap_s2_active_set_switch_seed7_24bd56a9
s2_active_set_switch,7,5,fp32,1.1920928955078125e-07,1,20260526T120811Z_pal_loggap_s2_active_set_switch_seed7_24bd56a9
s2_active_set_switch,7,10,fp32,1.1920928955078125e-07,1,20260526T120811Z_pal_loggap_s2_active_set_switch_seed7_24bd56a9
s2_active_set_switch,7,100,fp32,1.1920928955078125e-07,1,20260526T120811Z_pal_loggap_s2_active_set_switch_seed7_24bd56a9
s2_active_set_switch,7,1,fp64,1.011758676838781e-09,1,20260526T120811Z_pal_loggap_s2_active_set_switch_seed7_24bd56a9
s2_active_set_switch,7,2,fp64,2.220446049250313e-16,1,20260526T120811Z_pal_loggap_s2_active_set_switch_seed7_24bd56a9
s2_active_set_switch,7,5,fp64,2.220446049250313e-16,1,20260526T120811Z_pal_loggap_s2_active_set_switch_seed7_24bd56a9
s2_active_set_switch,7,10,fp64,2.220446049250313e-16,1,20260526T120811Z_pal_loggap_s2_active_set_switch_seed7_24bd56a9
s2_active_set_switch,7,100,fp64,2.220446049250313e-16,1,20260526T120811Z_pal_loggap_s2_active_set_switch_seed7_24bd56a9
s2_active_set_switch,9,1,fp32,2.384185791015625e-07,1,20260526T120811Z_pal_loggap_s2_active_set_switch_seed9_39844a6a
s2_active_set_switch,9,2,fp32,2.384185791015625e-07,1,20260526T120811Z_pal_loggap_s2_active_set_switch_seed9_39844a6a
s2_active_set_switch,9,5,fp32,2.384185791015625e-07,1,20260526T120811Z_pal_loggap_s2_active_set_switch_seed9_39844a6a
s2_active_set_switch,9,10,fp32,2.384185791015625e-07,1,20260526T120811Z_pal_loggap_s2_active_set_switch_seed9_39844a6a
s2_active_set_switch,9,100,fp32,2.384185791015625e-07,1,20260526T120811Z_pal_loggap_s2_active_set_switch_seed9_39844a6a
s2_active_set_switch,9,1,fp64,8.601686030118572e-10,1,20260526T120811Z_pal_loggap_s2_active_set_switch_seed9_39844a6a
s2_active_set_switch,9,2,fp64,2.220446049250313e-16,1,20260526T120811Z_pal_loggap_s2_active_set_switch_seed9_39844a6a
s2_active_set_switch,9,5,fp64,2.220446049250313e-16,1,20260526T120811Z_pal_loggap_s2_active_set_switch_seed9_39844a6a
s2_active_set_switch,9,10,fp64,2.220446049250313e-16,1,20260526T120811Z_pal_loggap_s2_active_set_switch_seed9_39844a6a
s2_active_set_switch,9,100,fp64,2.220446049250313e-16,1,20260526T120811Z_pal_loggap_s2_active_set_switch_seed9_39844a6a
s3_illcond_tube,0,1,fp32,1.043081283569336e-07,1,20260526T120811Z_pal_loggap_s3_illcond_tube_seed0_8203ab76
s3_illcond_tube,0,2,fp32,4.470348358154297e-08,1,20260526T120811Z_pal_loggap_s3_illcond_tube_seed0_8203ab76
s3_illcond_tube,0,5,fp32,2.2351741790771484e-08,1,20260526T120811Z_pal_loggap_s3_illcond_tube_seed0_8203ab76
s3_illcond_tube,0,10,fp32,4.470348358154297e-08,1,20260526T120811Z_pal_loggap_s3_illcond_tube_seed0_8203ab76
s3_illcond_tube,0,100,fp32,1.4901161193847656e-08,1,20260526T120811Z_pal_loggap_s3_illcond_tube_seed0_8203ab76
s3_illcond_tube,0,1,fp64,3.666509037353327e-09,1,20260526T120811Z_pal_loggap_s3_illcond_tube_seed0_8203ab76
s3_illcond_tube,0,2,fp64,3.658531810835086e-15,1,20260526T120811Z_pal_loggap_s3_illcond_tube_seed0_8203ab76
s3_illcond_tube,0,5,fp64,4.85722573273506e-17,1,20260526T120811Z_pal_loggap_s3_illcond_tube_seed0_8203ab76
s3_illcond_tube,0,10,fp64,1.3877787807814457e-17,1,20260526T120811Z_pal_loggap_s3_illcond_tube_seed0_8203ab76
s3_illcond_tube,0,100,fp64,1.3877787807814457e-17,1,20260526T120811Z_pal_loggap_s3_illcond_tube_seed0_8203ab76
s3_illcond_tube,1,1,fp32,1.043081283569336e-07,1,20260526T120811Z_pal_loggap_s3_illcond_tube_seed1_f302380d
s3_illcond_tube,1,2,fp32,5.960464477539063e-08,1,20260526T120811Z_pal_loggap_s3_illcond_tube_seed1_f302380d
s3_illcond_tube,1,5,fp32,2.9802322387695312e-08,1,20260526T120811Z_pal_loggap_s3_illcond_tube_seed1_f302380d
s3_illcond_tube,1,10,fp32,2.9802322387695312e-08,1,20260526T120811Z_pal_loggap_s3_illcond_tube_seed1_f302380d
s3_illcond_tube,1,100,fp32,2.9802322387695312e-08,1,20260526T120811Z_pal_loggap_s3_illcond_tube_seed1_f302380d
s3_illcond_tube,1,1,fp64,1.4767853599717551e-08,1,20260526T120811Z_pal_loggap_s3_illcond_tube_seed1_f302380d
s3_illcond_tube,1,2,fp64,1.4786782909226304e-14,1,20260526T120811Z_pal_loggap_s3_illcond_tube_seed1_f302380d
s3_illcond_tube,1,5,fp64,4.163336342344337e-17,1,20260526T120811Z_pal_loggap_s3_illcond_tube_seed1_f302380d
s3_illcond_tube,1,10,fp64,2.7755575615628914e-17,1,20260526T120811Z_pal_loggap_s3_illcond_tube_seed1_f302380d
s3_illcond_tube,1,100,fp64,6.938893903907228e-18,1,20260526T120811Z_pal_loggap_s3_illcond_tube_seed1_f302380d
s3_illcond_tube,4,1,fp32,2.0076404325664043e-05,1,20260526T120811Z_pal_loggap_s3_illcond_tube_seed4_c37011b6
s3_illcond_tube,4,2,fp32,9.034774848259985e-07,1,20260526T120811Z_pal_loggap_s3_illcond_tube_seed4_c37011b6
s3_illcond_tube,4,5,fp32,1.4901161193847656e-08,1,20260526T120811Z_pal_loggap_s3_illcond_tube_seed4_c37011b6
s3_illcond_tube,4,10,fp32,1.4901161193847656e-08,1,20260526T120811Z_pal_loggap_s3_illcond_tube_seed4_c37011b6
s3_illcond_tube,4,100,fp32,1.4901161193847656e-08,1,20260526T120811Z_pal_loggap_s3_illcond_tube_seed4_c37011b6
s3_illcond_tube,4,1,fp64,2.0075775576051502e-05,1,20260526T120811Z_pal_loggap_s3_illcond_tube_seed4_c37011b6
s3_illcond_tube,4,2,fp64,9.034341039943161e-07,1,20260526T120811Z_pal_loggap_s3_illcond_tube_seed4_c37011b6
s3_illcond_tube,4,5,fp64,3.495940787291013e-14,1,20260526T120811Z_pal_loggap_s3_illcond_tube_seed4_c37011b6
s3_illcond_tube,4,10,fp64,2.0816681711721685e-17,1,20260526T120811Z_pal_loggap_s3_illcond_tube_seed4_c37011b6
s3_illcond_tube,4,100,fp64,3.469446951953614e-17,1,20260526T120811Z_pal_loggap_s3_illcond_tube_seed4_c37011b6
s3_illcond_tube,5,1,fp32,6.405264139175415e-05,1,20260526T120811Z_pal_loggap_s3_illcond_tube_seed5_45dfa5fd
s3_illcond_tube,5,2,fp32,1.2386590242385864e-07,1,20260526T120811Z_pal_loggap_s3_illcond_tube_seed5_45dfa5fd
s3_illcond_tube,5,5,fp32,2.9802322387695312e-08,1,20260526T120811Z_pal_loggap_s3_illcond_tube_seed5_45dfa5fd
s3_illcond_tube,5,10,fp32,2.9802322387695312e-08,1,20260526T120811Z_pal_loggap_s3_illcond_tube_seed5_45dfa5fd
s3_illcond_tube,5,100,fp32,2.9802322387695312e-08,1,20260526T120811Z_pal_loggap_s3_illcond_tube_seed5_45dfa5fd
s3_illcond_tube,5,1,fp64,6.404356338451066e-05,1,20260526T120811Z_pal_loggap_s3_illcond_tube_seed5_45dfa5fd
s3_illcond_tube,5,2,fp64,1.2417564387509628e-07,1,20260526T120811Z_pal_loggap_s3_illcond_tube_seed5_45dfa5fd
s3_illcond_tube,5,5,fp64,4.85722573273506e-17,1,20260526T120811Z_pal_loggap_s3_illcond_tube_seed5_45dfa5fd
s3_illcond_tube,5,10,fp64,2.0816681711721685e-17,1,20260526T120811Z_pal_loggap_s3_illcond_tube_seed5_45dfa5fd
s3_illcond_tube,5,100,fp64,3.469446951953614e-17,1,20260526T120811Z_pal_loggap_s3_illcond_tube_seed5_45dfa5fd
s3_illcond_tube,7,1,fp32,5.960464477539063e-08,1,20260526T120811Z_pal_loggap_s3_illcond_tube_seed7_af26cca8
s3_illcond_tube,7,2,fp32,5.960464477539063e-08,1,20260526T120811Z_pal_loggap_s3_illcond_tube_seed7_af26cca8
s3_illcond_tube,7,5,fp32,2.2351741790771484e-08,1,20260526T120811Z_pal_loggap_s3_illcond_tube_seed7_af26cca8
s3_illcond_tube,7,10,fp32,2.2351741790771484e-08,1,20260526T120811Z_pal_loggap_s3_illcond_tube_seed7_af26cca8
s3_illcond_tube,7,100,fp32,2.2351741790771484e-08,1,20260526T120811Z_pal_loggap_s3_illcond_tube_seed7_af26cca8
s3_illcond_tube,7,1,fp64,5.34753104297625e-09,1,20260526T120811Z_pal_loggap_s3_illcond_tube_seed7_af26cca8
s3_illcond_tube,7,2,fp64,5.30825383648903e-15,1,20260526T120811Z_pal_loggap_s3_illcond_tube_seed7_af26cca8
s3_illcond_tube,7,5,fp64,3.469446951953614e-17,1,20260526T120811Z_pal_loggap_s3_illcond_tube_seed7_af26cca8
s3_illcond_tube,7,10,fp64,1.3877787807814457e-17,1,20260526T120811Z_pal_loggap_s3_illcond_tube_seed7_af26cca8
s3_illcond_tube,7,100,fp64,6.938893903907228e-18,1,20260526T120811Z_pal_loggap_s3_illcond_tube_seed7_af26cca8
s3_illcond_tube,8,1,fp32,8.940696716308594e-08,1,20260526T120811Z_pal_loggap_s3_illcond_tube_seed8_6f6a4930
s3_illcond_tube,8,2,fp32,4.470348358154297e-08,1,20260526T120811Z_pal_loggap_s3_illcond_tube_seed8_6f6a4930
s3_illcond_tube,8,5,fp32,1.4901161193847656e-08,1,20260526T120811Z_pal_loggap_s3_illcond_tube_seed8_6f6a4930
s3_illcond_tube,8,10,fp32,1.4901161193847656e-08,1,20260526T120811Z_pal_loggap_s3_illcond_tube_seed8_6f6a4930
s3_illcond_tube,8,100,fp32,1.4901161193847656e-08,1,20260526T120811Z_pal_loggap_s3_illcond_tube_seed8_6f6a4930
s3_illcond_tube,8,1,fp64,1.748185152194992e-09,1,20260526T120811Z_pal_loggap_s3_illcond_tube_seed8_6f6a4930
s3_illcond_tube,8,2,fp64,1.7832957333041577e-15,1,20260526T120811Z_pal_loggap_s3_illcond_tube_seed8_6f6a4930
s3_illcond_tube,8,5,fp64,4.163336342344337e-17,1,20260526T120811Z_pal_loggap_s3_illcond_tube_seed8_6f6a4930
s3_illcond_tube,8,10,fp64,2.0816681711721685e-17,1,20260526T120811Z_pal_loggap_s3_illcond_tube_seed8_6f6a4930
s3_illcond_tube,8,100,fp64,6.938893903907228e-18,1,20260526T120811Z_pal_loggap_s3_illcond_tube_seed8_6f6a4930
s4_qv_coupling,0,1,fp32,0.08002471923828125,0,20260526T120857Z_pal_loggap_s4_qv_coupling_seed0_ef815e32
s4_qv_coupling,0,2,fp32,0.000125885009765625,0,20260526T120857Z_pal_loggap_s4_qv_coupling_seed0_ef815e32
s4_qv_coupling,0,5,fp32,3.5762786865234375e-07,1,20260526T120857Z_pal_loggap_s4_qv_coupling_seed0_ef815e32
s4_qv_coupling,0,10,fp32,4.172325134277344e-07,1,20260526T120857Z_pal_loggap_s4_qv_coupling_seed0_ef815e32
s4_qv_coupling,0,100,fp32,3.7997961044311523e-07,1,20260526T120857Z_pal_loggap_s4_qv_coupling_seed0_ef815e32
s4_qv_coupling,0,1,fp64,0.08002442409892296,0,20260526T120857Z_pal_loggap_s4_qv_coupling_seed0_ef815e32
s4_qv_coupling,0,2,fp64,0.00012311369821560447,0,20260526T120857Z_pal_loggap_s4_qv_coupling_seed0_ef815e32
s4_qv_coupling,0,5,fp64,8.881784197001252e-16,1,20260526T120857Z_pal_loggap_s4_qv_coupling_seed0_ef815e32
s4_qv_coupling,0,10,fp64,8.881784197001252e-16,1,20260526T120857Z_pal_loggap_s4_qv_coupling_seed0_ef815e32
s4_qv_coupling,0,100,fp64,6.661338147750939e-16,1,20260526T120857Z_pal_loggap_s4_qv_coupling_seed0_ef815e32
s4_qv_coupling,1,1,fp32,0.0004526972770690918,0,20260526T120857Z_pal_loggap_s4_qv_coupling_seed1_b4c1a5d0
s4_qv_coupling,1,2,fp32,4.76837158203125e-07,1,20260526T120857Z_pal_loggap_s4_qv_coupling_seed1_b4c1a5d0
s4_qv_coupling,1,5,fp32,3.5762786865234375e-07,1,20260526T120857Z_pal_loggap_s4_qv_coupling_seed1_b4c1a5d0
s4_qv_coupling,1,10,fp32,4.76837158203125e-07,1,20260526T120857Z_pal_loggap_s4_qv_coupling_seed1_b4c1a5d0
s4_qv_coupling,1,100,fp32,4.76837158203125e-07,1,20260526T120857Z_pal_loggap_s4_qv_coupling_seed1_b4c1a5d0
s4_qv_coupling,1,1,fp64,0.0004527012820101928,0,20260526T120857Z_pal_loggap_s4_qv_coupling_seed1_b4c1a5d0
s4_qv_coupling,1,2,fp64,2.0715308357566187e-09,1,20260526T120857Z_pal_loggap_s4_qv_coupling_seed1_b4c1a5d0
s4_qv_coupling,1,5,fp64,8.881784197001252e-16,1,20260526T120857Z_pal_loggap_s4_qv_coupling_seed1_b4c1a5d0
s4_qv_coupling,1,10,fp64,8.881784197001252e-16,1,20260526T120857Z_pal_loggap_s4_qv_coupling_seed1_b4c1a5d0
s4_qv_coupling,1,100,fp64,6.661338147750939e-16,1,20260526T120857Z_pal_loggap_s4_qv_coupling_seed1_b4c1a5d0
s4_qv_coupling,2,1,fp32,0.0006945650093257427,0,20260526T120857Z_pal_loggap_s4_qv_coupling_seed2_976bf75b
s4_qv_coupling,2,2,fp32,5.364418029785156e-07,1,20260526T120857Z_pal_loggap_s4_qv_coupling_seed2_976bf75b
s4_qv_coupling,2,5,fp32,4.76837158203125e-07,1,20260526T120857Z_pal_loggap_s4_qv_coupling_seed2_976bf75b
s4_qv_coupling,2,10,fp32,4.76837158203125e-07,1,20260526T120857Z_pal_loggap_s4_qv_coupling_seed2_976bf75b
s4_qv_coupling,2,100,fp32,4.76837158203125e-07,1,20260526T120857Z_pal_loggap_s4_qv_coupling_seed2_976bf75b
s4_qv_coupling,2,1,fp64,0.0006945745701770756,0,20260526T120857Z_pal_loggap_s4_qv_coupling_seed2_976bf75b
s4_qv_coupling,2,2,fp64,1.1136562783065074e-09,1,20260526T120857Z_pal_loggap_s4_qv_coupling_seed2_976bf75b
s4_qv_coupling,2,5,fp64,8.881784197001252e-16,1,20260526T120857Z_pal_loggap_s4_qv_coupling_seed2_976bf75b
s4_qv_coupling,2,10,fp64,9.992007221626409e-16,1,20260526T120857Z_pal_loggap_s4_qv_coupling_seed2_976bf75b
s4_qv_coupling,2,100,fp64,6.661338147750939e-16,1,20260526T120857Z_pal_loggap_s4_qv_coupling_seed2_976bf75b
s4_qv_coupling,3,1,fp32,0.0009013265371322632,0,20260526T120857Z_pal_loggap_s4_qv_coupling_seed3_d0c1cfe0
s4_qv_coupling,3,2,fp32,4.76837158203125e-07,1,20260526T120857Z_pal_loggap_s4_qv_coupling_seed3_d0c1cfe0
s4_qv_coupling,3,5,fp32,3.5762786865234375e-07,1,20260526T120857Z_pal_loggap_s4_qv_coupling_seed3_d0c1cfe0
s4_qv_coupling,3,10,fp32,4.76837158203125e-07,1,20260526T120857Z_pal_loggap_s4_qv_coupling_seed3_d0c1cfe0
s4_qv_coupling,3,100,fp32,3.5762786865234375e-07,1,20260526T120857Z_pal_loggap_s4_qv_coupling_seed3_d0c1cfe0
s4_qv_coupling,3,1,fp64,0.0009013618901484444,0,20260526T120857Z_pal_loggap_s4_qv_coupling_seed3_d0c1cfe0
s4_qv_coupling,3,2,fp64,3.4410514437865913e-09,1,20260526T120857Z_pal_loggap_s4_qv_coupling_seed3_d0c1cfe0
s4_qv_coupling,3,5,fp64,6.661338147750939e-16,1,20260526T120857Z_pal_loggap_s4_qv_coupling_seed3_d0c1cfe0
s4_qv_coupling,3,10,fp64,8.881784197001252e-16,1,20260526T120857Z_pal_loggap_s4_qv_coupling_seed3_d0c1cfe0
s4_qv_coupling,3,100,fp64,6.661338147750939e-16,1,20260526T120857Z_pal_loggap_s4_qv_coupling_seed3_d0c1cfe0
s4_qv_coupling,4,1,fp32,0.0005576908588409424,0,20260526T120857Z_pal_loggap_s4_qv_coupling_seed4_1a7a6b41
s4_qv_coupling,4,2,fp32,4.76837158203125e-07,1,20260526T120857Z_pal_loggap_s4_qv_coupling_seed4_1a7a6b41
s4_qv_coupling,4,5,fp32,3.5762786865234375e-07,1,20260526T120857Z_pal_loggap_s4_qv_coupling_seed4_1a7a6b41
s4_qv_coupling,4,10,fp32,3.5762786865234375e-07,1,20260526T120857Z_pal_loggap_s4_qv_coupling_seed4_1a7a6b41
s4_qv_coupling,4,100,fp32,4.76837158203125e-07,1,20260526T120857Z_pal_loggap_s4_qv_coupling_seed4_1a7a6b41
s4_qv_coupling,4,1,fp64,0.0005576616371962828,0,20260526T120857Z_pal_loggap_s4_qv_coupling_seed4_1a7a6b41
s4_qv_coupling,4,2,fp64,1.5514326490162489e-09,1,20260526T120857Z_pal_loggap_s4_qv_coupling_seed4_1a7a6b41
s4_qv_coupling,4,5,fp64,8.881784197001252e-16,1,20260526T120857Z_pal_loggap_s4_qv_coupling_seed4_1a7a6b41
s4_qv_coupling,4,10,fp64,6.661338147750939e-16,1,20260526T120857Z_pal_loggap_s4_qv_coupling_seed4_1a7a6b41
s4_qv_coupling,4,100,fp64,7.771561172376096e-16,1,20260526T120857Z_pal_loggap_s4_qv_coupling_seed4_1a7a6b41
s4_qv_coupling,5,1,fp32,0.001220703125,0,20260526T120857Z_pal_loggap_s4_qv_coupling_seed5_cfbe64a7
s4_qv_coupling,5,2,fp32,3.814697265625e-06,1,20260526T120857Z_pal_loggap_s4_qv_coupling_seed5_cfbe64a7
s4_qv_coupling,5,5,fp32,4.172325134277344e-07,1,20260526T120857Z_pal_loggap_s4_qv_coupling_seed5_cfbe64a7
s4_qv_coupling,5,10,fp32,4.76837158203125e-07,1,20260526T120857Z_pal_loggap_s4_qv_coupling_seed5_cfbe64a7
s4_qv_coupling,5,100,fp32,3.725290298461914e-07,1,20260526T120857Z_pal_loggap_s4_qv_coupling_seed5_cfbe64a7
s4_qv_coupling,5,1,fp64,0.0012239166709164806,0,20260526T120857Z_pal_loggap_s4_qv_coupling_seed5_cfbe64a7
s4_qv_coupling,5,2,fp64,2.900557305451912e-07,1,20260526T120857Z_pal_loggap_s4_qv_coupling_seed5_cfbe64a7
s4_qv_coupling,5,5,fp64,8.881784197001252e-16,1,20260526T120857Z_pal_loggap_s4_qv_coupling_seed5_cfbe64a7
s4_qv_coupling,5,10,fp64,8.881784197001252e-16,1,20260526T120857Z_pal_loggap_s4_qv_coupling_seed5_cfbe64a7
s4_qv_coupling,5,100,fp64,1.3322676295501878e-15,1,20260526T120857Z_pal_loggap_s4_qv_coupling_seed5_cfbe64a7
s4_qv_coupling,6,1,fp32,0.00939178466796875,0,20260526T120857Z_pal_loggap_s4_qv_coupling_seed6_bfc16ae4
s4_qv_coupling,6,2,fp32,4.76837158203125e-07,1,20260526T120857Z_pal_loggap_s4_qv_coupling_seed6_bfc16ae4
s4_qv_coupling,6,5,fp32,4.172325134277344e-07,1,20260526T120857Z_pal_loggap_s4_qv_coupling_seed6_bfc16ae4
s4_qv_coupling,6,10,fp32,5.960464477539062e-07,1,20260526T120857Z_pal_loggap_s4_qv_coupling_seed6_bfc16ae4
s4_qv_coupling,6,100,fp32,4.76837158203125e-07,1,20260526T120857Z_pal_loggap_s4_qv_coupling_seed6_bfc16ae4
s4_qv_coupling,6,1,fp64,0.009389169536571984,0,20260526T120857Z_pal_loggap_s4_qv_coupling_seed6_bfc16ae4
s4_qv_coupling,6,2,fp64,1.728918142873681e-06,1,20260526T120857Z_pal_loggap_s4_qv_coupling_seed6_bfc16ae4
s4_qv_coupling,6,5,fp64,6.661338147750939e-16,1,20260526T120857Z_pal_loggap_s4_qv_coupling_seed6_bfc16ae4
s4_qv_coupling,6,10,fp64,6.661338147750939e-16,1,20260526T120857Z_pal_loggap_s4_qv_coupling_seed6_bfc16ae4
s4_qv_coupling,6,100,fp64,7.771561172376096e-16,1,20260526T120857Z_pal_loggap_s4_qv_coupling_seed6_bfc16ae4
s4_qv_coupling,7,1,fp32,0.0053653717041015625,0,20260526T120857Z_pal_loggap_s4_qv_coupling_seed7_a869a0de
s4_qv_coupling,7,2,fp32,3.814697265625e-06,1,20260526T120857Z_pal_loggap_s4_qv_coupling_seed7_a869a0de
s4_qv_coupling,7,5,fp32,4.76837158203125e-07,1,20260526T120857Z_pal_loggap_s4_qv_coupling_seed7_a869a0de
s4_qv_coupling,7,10,fp32,4.76837158203125e-07,1,20260526T120857Z_pal_loggap_s4_qv_coupling_seed7_a869a0de
s4_qv_coupling,7,100,fp32,4.172325134277344e-07,1,20260526T120857Z_pal_loggap_s4_qv_coupling_seed7_a869a0de
s4_qv_coupling,7,1,fp64,0.005367471569375226,0,20260526T120857Z_pal_loggap_s4_qv_coupling_seed7_a869a0de
s4_qv_coupling,7,2,fp64,9.639624600765728e-07,1,20260526T120857Z_pal_loggap_s4_qv_coupling_seed7_a869a0de
s4_qv_coupling,7,5,fp64,8.881784197001252e-16,1,20260526T120857Z_pal_loggap_s4_qv_coupling_seed7_a869a0de
s4_qv_coupling,7,10,fp64,9.992007221626409e-16,1,20260526T120857Z_pal_loggap_s4_qv_coupling_seed7_a869a0de
s4_qv_coupling,7,100,fp64,8.881784197001252e-16,1,20260526T120857Z_pal_loggap_s4_qv_coupling_seed7_a869a0de
s4_qv_coupling,8,1,fp32,0.0011937618255615234,0,20260526T120857Z_pal_loggap_s4_qv_coupling_seed8_3c96dbdf
s4_qv_coupling,8,2,fp32,6.556510925292969e-07,1,20260526T120857Z_pal_loggap_s4_qv_coupling_seed8_3c96dbdf
s4_qv_coupling,8,5,fp32,3.8743019104003906e-07,1,20260526T120857Z_pal_loggap_s4_qv_coupling_seed8_3c96dbdf
s4_qv_coupling,8,10,fp32,3.725290298461914e-07,1,20260526T120857Z_pal_loggap_s4_qv_coupling_seed8_3c96dbdf
s4_qv_coupling,8,100,fp32,3.5762786865234375e-07,1,20260526T120857Z_pal_loggap_s4_qv_coupling_seed8_3c96dbdf
s4_qv_coupling,8,1,fp64,0.0011938093930234928,0,20260526T120857Z_pal_loggap_s4_qv_coupling_seed8_3c96dbdf
s4_qv_coupling,8,2,fp64,1.0095192570780398e-08,1,20260526T120857Z_pal_loggap_s4_qv_coupling_seed8_3c96dbdf
s4_qv_coupling,8,5,fp64,8.881784197001252e-16,1,20260526T120857Z_pal_loggap_s4_qv_coupling_seed8_3c96dbdf
s4_qv_coupling,8,10,fp64,1.3322676295501878e-15,1,20260526T120857Z_pal_loggap_s4_qv_coupling_seed8_3c96dbdf
s4_qv_coupling,8,100,fp64,8.881784197001252e-16,1,20260526T120857Z_pal_loggap_s4_qv_coupling_seed8_3c96dbdf
s4_qv_coupling,9,1,fp32,0.0007195472717285156,0,20260526T120857Z_pal_loggap_s4_qv_coupling_seed9_dff7a66b
s4_qv_coupling,9,2,fp32,4.76837158203125e-07,1,20260526T120857Z_pal_loggap_s4_qv_coupling_seed9_dff7a66b
s4_qv_coupling,9,5,fp32,3.5762786865234375e-07,1,20260526T120857Z_pal_loggap_s4_qv_coupling_seed9_dff7a66b
s4_qv_coupling,9,10,fp32,3.5762786865234375e-07,1,20260526T120857Z_pal_loggap_s4_qv_coupling_seed9_dff7a66b
s4_qv_coupling,9,100,fp32,3.5762786865234375e-07,1,20260526T120857Z_pal_loggap_s4_qv_coupling_seed9_dff7a66b
s4_qv_coupling,9,1,fp64,0.0007195913632109807,0,20260526T120857Z_pal_loggap_s4_qv_coupling_seed9_dff7a66b
s4_qv_coupling,9,2,fp64,8.377355475985837e-09,1,20260526T120857Z_pal_loggap_s4_qv_coupling_seed9_dff7a66b
s4_qv_coupling,9,5,fp64,8.881784197001252e-16,1,20260526T120857Z_pal_loggap_s4_qv_coupling_seed9_dff7a66b
s4_qv_coupling,9,10,fp64,8.881784197001252e-16,1,20260526T120857Z_pal_loggap_s4_qv_coupling_seed9_dff7a66b
s4_qv_coupling,9,100,fp64,8.881784197001252e-16,1,20260526T120857Z_pal_loggap_s4_qv_coupling_seed9_dff7a66b
s5_overdetermined,3,1,fp32,0.029897212982177734,0,20260526T120900Z_pal_loggap_s5_overdetermined_seed3_4e324a8d
s5_overdetermined,3,2,fp32,0.003290534019470215,0,20260526T120900Z_pal_loggap_s5_overdetermined_seed3_4e324a8d
s5_overdetermined,3,5,fp32,4.172325134277344e-07,1,20260526T120900Z_pal_loggap_s5_overdetermined_seed3_4e324a8d
s5_overdetermined,3,10,fp32,2.384185791015625e-07,1,20260526T120900Z_pal_loggap_s5_overdetermined_seed3_4e324a8d
s5_overdetermined,3,100,fp32,2.384185791015625e-07,1,20260526T120900Z_pal_loggap_s5_overdetermined_seed3_4e324a8d
s5_overdetermined,3,1,fp64,0.029892696690636544,0,20260526T120900Z_pal_loggap_s5_overdetermined_seed3_4e324a8d
s5_overdetermined,3,2,fp64,0.003291299111656487,0,20260526T120900Z_pal_loggap_s5_overdetermined_seed3_4e324a8d
s5_overdetermined,3,5,fp64,4.0922057112282445e-07,1,20260526T120900Z_pal_loggap_s5_overdetermined_seed3_4e324a8d
s5_overdetermined,3,10,fp64,3.680637677191262e-08,1,20260526T120900Z_pal_loggap_s5_overdetermined_seed3_4e324a8d
s5_overdetermined,3,100,fp64,4.440892098500626e-16,1,20260526T120900Z_pal_loggap_s5_overdetermined_seed3_4e324a8d
s5_overdetermined,1,1,fp32,0.005483388900756836,0,20260526T120901Z_pal_loggap_s5_overdetermined_seed1_8da9883a
s5_overdetermined,1,2,fp32,0.0002551078796386719,0,20260526T120901Z_pal_loggap_s5_overdetermined_seed1_8da9883a
s5_overdetermined,1,5,fp32,4.76837158203125e-07,1,20260526T120901Z_pal_loggap_s5_overdetermined_seed1_8da9883a
s5_overdetermined,1,10,fp32,4.76837158203125e-07,1,20260526T120901Z_pal_loggap_s5_overdetermined_seed1_8da9883a
s5_overdetermined,1,100,fp32,2.384185791015625e-07,1,20260526T120901Z_pal_loggap_s5_overdetermined_seed1_8da9883a
s5_overdetermined,1,1,fp64,0.005443041821652894,0,20260526T120901Z_pal_loggap_s5_overdetermined_seed1_8da9883a
s5_overdetermined,1,2,fp64,0.0002529104030049023,0,20260526T120901Z_pal_loggap_s5_overdetermined_seed1_8da9883a
s5_overdetermined,1,5,fp64,2.0910969635999817e-07,1,20260526T120901Z_pal_loggap_s5_overdetermined_seed1_8da9883a
s5_overdetermined,1,10,fp64,5.131889037617195e-08,1,20260526T120901Z_pal_loggap_s5_overdetermined_seed1_8da9883a
s5_overdetermined,1,100,fp64,8.826937219347242e-10,1,20260526T120901Z_pal_loggap_s5_overdetermined_seed1_8da9883a
s5_overdetermined,0,1,fp32,0.0021398067474365234,0,20260526T120903Z_pal_loggap_s5_overdetermined_seed0_6389b2e4
s5_overdetermined,0,2,fp32,0.001287698745727539,0,20260526T120903Z_pal_loggap_s5_overdetermined_seed0_6389b2e4
s5_overdetermined,0,5,fp32,2.384185791015625e-07,1,20260526T120903Z_pal_loggap_s5_overdetermined_seed0_6389b2e4
s5_overdetermined,0,10,fp32,2.384185791015625e-07,1,20260526T120903Z_pal_loggap_s5_overdetermined_seed0_6389b2e4
s5_overdetermined,0,100,fp32,2.384185791015625e-07,1,20260526T120903Z_pal_loggap_s5_overdetermined_seed0_6389b2e4
s5_overdetermined,0,1,fp64,0.002123578819467564,0,20260526T120903Z_pal_loggap_s5_overdetermined_seed0_6389b2e4
s5_overdetermined,0,2,fp64,0.0005288758504629065,0,20260526T120903Z_pal_loggap_s5_overdetermined_seed0_6389b2e4
s5_overdetermined,0,5,fp64,5.786457535350564e-09,1,20260526T120903Z_pal_loggap_s5_overdetermined_seed0_6389b2e4
s5_overdetermined,0,10,fp64,4.440892098500626e-16,1,20260526T120903Z_pal_loggap_s5_overdetermined_seed0_6389b2e4
s5_overdetermined,0,100,fp64,4.440892098500626e-16,1,20260526T120903Z_pal_loggap_s5_overdetermined_seed0_6389b2e4
s5_overdetermined,2,1,fp32,0.0022840499877929688,0,20260526T120903Z_pal_loggap_s5_overdetermined_seed2_b4b0aacb
s5_overdetermined,2,2,fp32,1.2159347534179688e-05,1,20260526T120903Z_pal_loggap_s5_overdetermined_seed2_b4b0aacb
s5_overdetermined,2,5,fp32,2.384185791015625e-07,1,20260526T120903Z_pal_loggap_s5_overdetermined_seed2_b4b0aacb
s5_overdetermined,2,10,fp32,2.384185791015625e-07,1,20260526T120903Z_pal_loggap_s5_overdetermined_seed2_b4b0aacb
s5_overdetermined,2,100,fp32,2.384185791015625e-07,1,20260526T120903Z_pal_loggap_s5_overdetermined_seed2_b4b0aacb
s5_overdetermined,2,1,fp64,0.0022921133225499712,0,20260526T120903Z_pal_loggap_s5_overdetermined_seed2_b4b0aacb
s5_overdetermined,2,2,fp64,1.2086160852131655e-05,1,20260526T120903Z_pal_loggap_s5_overdetermined_seed2_b4b0aacb
s5_overdetermined,2,5,fp64,4.440892098500626e-16,1,20260526T120903Z_pal_loggap_s5_overdetermined_seed2_b4b0aacb
s5_overdetermined,2,10,fp64,4.440892098500626e-16,1,20260526T120903Z_pal_loggap_s5_overdetermined_seed2_b4b0aacb
s5_overdetermined,2,100,fp64,4.440892098500626e-16,1,20260526T120903Z_pal_loggap_s5_overdetermined_seed2_b4b0aacb
s5_overdetermined,4,1,fp32,0.009043097496032715,0,20260526T120903Z_pal_loggap_s5_overdetermined_seed4_a7dc8103
s5_overdetermined,4,2,fp32,1.8924474716186523e-05,1,20260526T120903Z_pal_loggap_s5_overdetermined_seed4_a7dc8103
s5_overdetermined,4,5,fp32,2.384185791015625e-07,1,20260526T120903Z_pal_loggap_s5_overdetermined_seed4_a7dc8103
s5_overdetermined,4,10,fp32,2.384185791015625e-07,1,20260526T120903Z_pal_loggap_s5_overdetermined_seed4_a7dc8103
s5_overdetermined,4,100,fp32,2.384185791015625e-07,1,20260526T120903Z_pal_loggap_s5_overdetermined_seed4_a7dc8103
s5_overdetermined,4,1,fp64,0.009064718961468543,0,20260526T120903Z_pal_loggap_s5_overdetermined_seed4_a7dc8103
s5_overdetermined,4,2,fp64,1.8959506738802645e-05,1,20260526T120903Z_pal_loggap_s5_overdetermined_seed4_a7dc8103
s5_overdetermined,4,5,fp64,6.267564245376889e-11,1,20260526T120903Z_pal_loggap_s5_overdetermined_seed4_a7dc8103
s5_overdetermined,4,10,fp64,4.440892098500626e-16,1,20260526T120903Z_pal_loggap_s5_overdetermined_seed4_a7dc8103
s5_overdetermined,4,100,fp64,4.440892098500626e-16,1,20260526T120903Z_pal_loggap_s5_overdetermined_seed4_a7dc8103
s5_overdetermined,5,1,fp32,0.003912806510925293,0,20260526T120904Z_pal_loggap_s5_overdetermined_seed5_426bc1cc
s5_overdetermined,5,2,fp32,0.00013113021850585938,0,20260526T120904Z_pal_loggap_s5_overdetermined_seed5_426bc1cc
s5_overdetermined,5,5,fp32,2.384185791015625e-07,1,20260526T120904Z_pal_loggap_s5_overdetermined_seed5_426bc1cc
s5_overdetermined,5,10,fp32,2.384185791015625e-07,1,20260526T120904Z_pal_loggap_s5_overdetermined_seed5_426bc1cc
s5_overdetermined,5,100,fp32,2.384185791015625e-07,1,20260526T120904Z_pal_loggap_s5_overdetermined_seed5_426bc1cc
s5_overdetermined,5,1,fp64,0.003912680613791686,0,20260526T120904Z_pal_loggap_s5_overdetermined_seed5_426bc1cc
s5_overdetermined,5,2,fp64,0.0001313255720991613,0,20260526T120904Z_pal_loggap_s5_overdetermined_seed5_426bc1cc
s5_overdetermined,5,5,fp64,1.5565326805244695e-13,1,20260526T120904Z_pal_loggap_s5_overdetermined_seed5_426bc1cc
s5_overdetermined,5,10,fp64,4.440892098500626e-16,1,20260526T120904Z_pal_loggap_s5_overdetermined_seed5_426bc1cc
s5_overdetermined,5,100,fp64,4.440892098500626e-16,1,20260526T120904Z_pal_loggap_s5_overdetermined_seed5_426bc1cc
s5_overdetermined,6,1,fp32,0.002455472946166992,0,20260526T120904Z_pal_loggap_s5_overdetermined_seed6_e0695d01
s5_overdetermined,6,2,fp32,4.0411949157714844e-05,1,20260526T120904Z_pal_loggap_s5_overdetermined_seed6_e0695d01
s5_overdetermined,6,5,fp32,2.384185791015625e-07,1,20260526T120904Z_pal_loggap_s5_overdetermined_seed6_e0695d01
s5_overdetermined,6,10,fp32,2.384185791015625e-07,1,20260526T120904Z_pal_loggap_s5_overdetermined_seed6_e0695d01
s5_overdetermined,6,100,fp32,2.384185791015625e-07,1,20260526T120904Z_pal_loggap_s5_overdetermined_seed6_e0695d01
s5_overdetermined,6,1,fp64,0.002469116950299277,0,20260526T120904Z_pal_loggap_s5_overdetermined_seed6_e0695d01
s5_overdetermined,6,2,fp64,3.909081809716497e-05,1,20260526T120904Z_pal_loggap_s5_overdetermined_seed6_e0695d01
s5_overdetermined,6,5,fp64,2.607382764557853e-10,1,20260526T120904Z_pal_loggap_s5_overdetermined_seed6_e0695d01
s5_overdetermined,6,10,fp64,4.440892098500626e-16,1,20260526T120904Z_pal_loggap_s5_overdetermined_seed6_e0695d01
s5_overdetermined,6,100,fp64,4.440892098500626e-16,1,20260526T120904Z_pal_loggap_s5_overdetermined_seed6_e0695d01
s5_overdetermined,8,1,fp32,0.005037426948547363,0,20260526T120904Z_pal_loggap_s5_overdetermined_seed8_17c45df8
s5_overdetermined,8,2,fp32,0.0002784132957458496,0,20260526T120904Z_pal_loggap_s5_overdetermined_seed8_17c45df8
s5_overdetermined,8,5,fp32,2.384185791015625e-07,1,20260526T120904Z_pal_loggap_s5_overdetermined_seed8_17c45df8
s5_overdetermined,8,10,fp32,2.384185791015625e-07,1,20260526T120904Z_pal_loggap_s5_overdetermined_seed8_17c45df8
s5_overdetermined,8,100,fp32,2.384185791015625e-07,1,20260526T120904Z_pal_loggap_s5_overdetermined_seed8_17c45df8
s5_overdetermined,8,1,fp64,0.005249797899563591,0,20260526T120904Z_pal_loggap_s5_overdetermined_seed8_17c45df8
s5_overdetermined,8,2,fp64,0.0002773102950861528,0,20260526T120904Z_pal_loggap_s5_overdetermined_seed8_17c45df8
s5_overdetermined,8,5,fp64,8.814364876874592e-09,1,20260526T120904Z_pal_loggap_s5_overdetermined_seed8_17c45df8
s5_overdetermined,8,10,fp64,4.440892098500626e-16,1,20260526T120904Z_pal_loggap_s5_overdetermined_seed8_17c45df8
s5_overdetermined,8,100,fp64,4.440892098500626e-16,1,20260526T120904Z_pal_loggap_s5_overdetermined_seed8_17c45df8
s5_overdetermined,9,1,fp32,0.003299236297607422,0,20260526T120904Z_pal_loggap_s5_overdetermined_seed9_9b0cf5fc
s5_overdetermined,9,2,fp32,7.867813110351562e-05,1,20260526T120904Z_pal_loggap_s5_overdetermined_seed9_9b0cf5fc
s5_overdetermined,9,5,fp32,2.384185791015625e-07,1,20260526T120904Z_pal_loggap_s5_overdetermined_seed9_9b0cf5fc
s5_overdetermined,9,10,fp32,2.384185791015625e-07,1,20260526T120904Z_pal_loggap_s5_overdetermined_seed9_9b0cf5fc
s5_overdetermined,9,100,fp32,2.384185791015625e-07,1,20260526T120904Z_pal_loggap_s5_overdetermined_seed9_9b0cf5fc
s5_overdetermined,9,1,fp64,0.0033099701918728464,0,20260526T120904Z_pal_loggap_s5_overdetermined_seed9_9b0cf5fc
s5_overdetermined,9,2,fp64,7.878572074115908e-05,1,20260526T120904Z_pal_loggap_s5_overdetermined_seed9_9b0cf5fc
s5_overdetermined,9,5,fp64,9.764727448933336e-11,1,20260526T120904Z_pal_loggap_s5_overdetermined_seed9_9b0cf5fc
s5_overdetermined,9,10,fp64,4.440892098500626e-16,1,20260526T120904Z_pal_loggap_s5_overdetermined_seed9_9b0cf5fc
s5_overdetermined,9,100,fp64,4.440892098500626e-16,1,20260526T120904Z_pal_loggap_s5_overdetermined_seed9_9b0cf5fc
s6_redundant_ineq,0,1,fp32,0.00771544873714447,0,20260526T120904Z_pal_loggap_s6_redundant_ineq_seed0_3c7e083c
s6_redundant_ineq,0,2,fp32,4.331767559051514e-05,1,20260526T120904Z_pal_loggap_s6_redundant_ineq_seed0_3c7e083c
s6_redundant_ineq,0,5,fp32,1.1920928955078125e-07,1,20260526T120904Z_pal_loggap_s6_redundant_ineq_seed0_3c7e083c
s6_redundant_ineq,0,10,fp32,1.1920928955078125e-07,1,20260526T120904Z_pal_loggap_s6_redundant_ineq_seed0_3c7e083c
s6_redundant_ineq,0,100,fp32,1.1920928955078125e-07,1,20260526T120904Z_pal_loggap_s6_redundant_ineq_seed0_3c7e083c
s6_redundant_ineq,0,1,fp64,0.00771580983179182,0,20260526T120904Z_pal_loggap_s6_redundant_ineq_seed0_3c7e083c
s6_redundant_ineq,0,2,fp64,4.531425614356932e-05,1,20260526T120904Z_pal_loggap_s6_redundant_ineq_seed0_3c7e083c
s6_redundant_ineq,0,5,fp64,3.885780586188048e-16,1,20260526T120904Z_pal_loggap_s6_redundant_ineq_seed0_3c7e083c
s6_redundant_ineq,0,10,fp64,1.6653345369377348e-16,1,20260526T120904Z_pal_loggap_s6_redundant_ineq_seed0_3c7e083c
s6_redundant_ineq,0,100,fp64,1.6653345369377348e-16,1,20260526T120904Z_pal_loggap_s6_redundant_ineq_seed0_3c7e083c
s5_overdetermined,7,1,fp32,0.0038962364196777344,0,20260526T120905Z_pal_loggap_s5_overdetermined_seed7_191dbde9
s5_overdetermined,7,2,fp32,0.00034928321838378906,0,20260526T120905Z_pal_loggap_s5_overdetermined_seed7_191dbde9
s5_overdetermined,7,5,fp32,2.384185791015625e-07,1,20260526T120905Z_pal_loggap_s5_overdetermined_seed7_191dbde9
s5_overdetermined,7,10,fp32,2.384185791015625e-07,1,20260526T120905Z_pal_loggap_s5_overdetermined_seed7_191dbde9
s5_overdetermined,7,100,fp32,2.384185791015625e-07,1,20260526T120905Z_pal_loggap_s5_overdetermined_seed7_191dbde9
s5_overdetermined,7,1,fp64,0.003929431870775657,0,20260526T120905Z_pal_loggap_s5_overdetermined_seed7_191dbde9
s5_overdetermined,7,2,fp64,0.00034888964795942723,0,20260526T120905Z_pal_loggap_s5_overdetermined_seed7_191dbde9
s5_overdetermined,7,5,fp64,2.9324563610710896e-12,1,20260526T120905Z_pal_loggap_s5_overdetermined_seed7_191dbde9
s5_overdetermined,7,10,fp64,8.881784197001252e-16,1,20260526T120905Z_pal_loggap_s5_overdetermined_seed7_191dbde9
s5_overdetermined,7,100,fp64,8.881784197001252e-16,1,20260526T120905Z_pal_loggap_s5_overdetermined_seed7_191dbde9
s6_redundant_ineq,1,1,fp32,0.0023951977491378784,0,20260526T120905Z_pal_loggap_s6_redundant_ineq_seed1_6f6025cc
s6_redundant_ineq,1,2,fp32,1.1011958122253418e-05,1,20260526T120905Z_pal_loggap_s6_redundant_ineq_seed1_6f6025cc
s6_redundant_ineq,1,5,fp32,1.1920928955078125e-07,1,20260526T120905Z_pal_loggap_s6_redundant_ineq_seed1_6f6025cc
s6_redundant_ineq,1,10,fp32,1.1920928955078125e-07,1,20260526T120905Z_pal_loggap_s6_redundant_ineq_seed1_6f6025cc
s6_redundant_ineq,1,100,fp32,1.1920928955078125e-07,1,20260526T120905Z_pal_loggap_s6_redundant_ineq_seed1_6f6025cc
s6_redundant_ineq,1,1,fp64,0.002395519843507221,0,20260526T120905Z_pal_loggap_s6_redundant_ineq_seed1_6f6025cc
s6_redundant_ineq,1,2,fp64,1.124968495530565e-05,1,20260526T120905Z_pal_loggap_s6_redundant_ineq_seed1_6f6025cc
s6_redundant_ineq,1,5,fp64,1.6653345369377348e-16,1,20260526T120905Z_pal_loggap_s6_redundant_ineq_seed1_6f6025cc
s6_redundant_ineq,1,10,fp64,1.6653345369377348e-16,1,20260526T120905Z_pal_loggap_s6_redundant_ineq_seed1_6f6025cc
s6_redundant_ineq,1,100,fp64,1.6653345369377348e-16,1,20260526T120905Z_pal_loggap_s6_redundant_ineq_seed1_6f6025cc
s6_redundant_ineq,2,1,fp32,8.80211591720581e-05,1,20260526T120906Z_pal_loggap_s6_redundant_ineq_seed2_efe72c93
s6_redundant_ineq,2,2,fp32,9.104609489440918e-06,1,20260526T120906Z_pal_loggap_s6_redundant_ineq_seed2_efe72c93
s6_redundant_ineq,2,5,fp32,1.1920928955078125e-07,1,20260526T120906Z_pal_loggap_s6_redundant_ineq_seed2_efe72c93
s6_redundant_ineq,2,10,fp32,1.1920928955078125e-07,1,20260526T120906Z_pal_loggap_s6_redundant_ineq_seed2_efe72c93
s6_redundant_ineq,2,100,fp32,1.1920928955078125e-07,1,20260526T120906Z_pal_loggap_s6_redundant_ineq_seed2_efe72c93
s6_redundant_ineq,2,1,fp64,8.971132222151956e-05,1,20260526T120906Z_pal_loggap_s6_redundant_ineq_seed2_efe72c93
s6_redundant_ineq,2,2,fp64,9.289829018210849e-06,1,20260526T120906Z_pal_loggap_s6_redundant_ineq_seed2_efe72c93
s6_redundant_ineq,2,5,fp64,1.6653345369377348e-16,1,20260526T120906Z_pal_loggap_s6_redundant_ineq_seed2_efe72c93
s6_redundant_ineq,2,10,fp64,1.6653345369377348e-16,1,20260526T120906Z_pal_loggap_s6_redundant_ineq_seed2_efe72c93
s6_redundant_ineq,2,100,fp64,1.1102230246251565e-16,1,20260526T120906Z_pal_loggap_s6_redundant_ineq_seed2_efe72c93
s6_redundant_ineq,3,1,fp32,9.5367431640625e-07,1,20260526T120906Z_pal_loggap_s6_redundant_ineq_seed3_a0e1a185
s6_redundant_ineq,3,2,fp32,1.1920928955078125e-07,1,20260526T120906Z_pal_loggap_s6_redundant_ineq_seed3_a0e1a185
s6_redundant_ineq,3,5,fp32,1.1920928955078125e-07,1,20260526T120906Z_pal_loggap_s6_redundant_ineq_seed3_a0e1a185
s6_redundant_ineq,3,10,fp32,1.1920928955078125e-07,1,20260526T120906Z_pal_loggap_s6_redundant_ineq_seed3_a0e1a185
s6_redundant_ineq,3,100,fp32,1.1920928955078125e-07,1,20260526T120906Z_pal_loggap_s6_redundant_ineq_seed3_a0e1a185
s6_redundant_ineq,3,1,fp64,8.705346112858336e-07,1,20260526T120906Z_pal_loggap_s6_redundant_ineq_seed3_a0e1a185
s6_redundant_ineq,3,2,fp64,6.963318810448982e-13,1,20260526T120906Z_pal_loggap_s6_redundant_ineq_seed3_a0e1a185
s6_redundant_ineq,3,5,fp64,1.1102230246251565e-16,1,20260526T120906Z_pal_loggap_s6_redundant_ineq_seed3_a0e1a185
s6_redundant_ineq,3,10,fp64,1.1102230246251565e-16,1,20260526T120906Z_pal_loggap_s6_redundant_ineq_seed3_a0e1a185
s6_redundant_ineq,3,100,fp64,1.1102230246251565e-16,1,20260526T120906Z_pal_loggap_s6_redundant_ineq_seed3_a0e1a185
s6_redundant_ineq,4,1,fp32,0.006624266505241394,0,20260526T120908Z_pal_loggap_s6_redundant_ineq_seed4_bf84b7db
s6_redundant_ineq,4,2,fp32,4.331767559051514e-05,1,20260526T120908Z_pal_loggap_s6_redundant_ineq_seed4_bf84b7db
s6_redundant_ineq,4,5,fp32,1.6391277313232422e-07,1,20260526T120908Z_pal_loggap_s6_redundant_ineq_seed4_bf84b7db
s6_redundant_ineq,4,10,fp32,1.1920928955078125e-07,1,20260526T120908Z_pal_loggap_s6_redundant_ineq_seed4_bf84b7db
s6_redundant_ineq,4,100,fp32,1.1920928955078125e-07,1,20260526T120908Z_pal_loggap_s6_redundant_ineq_seed4_bf84b7db
s6_redundant_ineq,4,1,fp64,0.006624194004390904,0,20260526T120908Z_pal_loggap_s6_redundant_ineq_seed4_bf84b7db
s6_redundant_ineq,4,2,fp64,3.6687143458891125e-05,1,20260526T120908Z_pal_loggap_s6_redundant_ineq_seed4_bf84b7db
s6_redundant_ineq,4,5,fp64,1.1102230246251565e-16,1,20260526T120908Z_pal_loggap_s6_redundant_ineq_seed4_bf84b7db
s6_redundant_ineq,4,10,fp64,1.1102230246251565e-16,1,20260526T120908Z_pal_loggap_s6_redundant_ineq_seed4_bf84b7db
s6_redundant_ineq,4,100,fp64,1.1102230246251565e-16,1,20260526T120908Z_pal_loggap_s6_redundant_ineq_seed4_bf84b7db
s6_redundant_ineq,5,1,fp32,5.960464477539062e-07,1,20260526T120908Z_pal_loggap_s6_redundant_ineq_seed5_65526049
s6_redundant_ineq,5,2,fp32,1.1920928955078125e-07,1,20260526T120908Z_pal_loggap_s6_redundant_ineq_seed5_65526049
s6_redundant_ineq,5,5,fp32,1.1920928955078125e-07,1,20260526T120908Z_pal_loggap_s6_redundant_ineq_seed5_65526049
s6_redundant_ineq,5,10,fp32,1.1920928955078125e-07,1,20260526T120908Z_pal_loggap_s6_redundant_ineq_seed5_65526049
s6_redundant_ineq,5,100,fp32,1.1920928955078125e-07,1,20260526T120908Z_pal_loggap_s6_redundant_ineq_seed5_65526049
s6_redundant_ineq,5,1,fp64,6.132544954629005e-07,1,20260526T120908Z_pal_loggap_s6_redundant_ineq_seed5_65526049
s6_redundant_ineq,5,2,fp64,4.906075545818567e-13,1,20260526T120908Z_pal_loggap_s6_redundant_ineq_seed5_65526049
s6_redundant_ineq,5,5,fp64,1.1102230246251565e-16,1,20260526T120908Z_pal_loggap_s6_redundant_ineq_seed5_65526049
s6_redundant_ineq,5,10,fp64,1.1102230246251565e-16,1,20260526T120908Z_pal_loggap_s6_redundant_ineq_seed5_65526049
s6_redundant_ineq,5,100,fp64,1.1102230246251565e-16,1,20260526T120908Z_pal_loggap_s6_redundant_ineq_seed5_65526049
s6_redundant_ineq,6,1,fp32,2.8654932975769043e-05,1,20260526T120908Z_pal_loggap_s6_redundant_ineq_seed6_113a1f57
s6_redundant_ineq,6,2,fp32,1.1920928955078125e-07,1,20260526T120908Z_pal_loggap_s6_redundant_ineq_seed6_113a1f57
s6_redundant_ineq,6,5,fp32,1.1920928955078125e-07,1,20260526T120908Z_pal_loggap_s6_redundant_ineq_seed6_113a1f57
s6_redundant_ineq,6,10,fp32,1.1920928955078125e-07,1,20260526T120908Z_pal_loggap_s6_redundant_ineq_seed6_113a1f57
s6_redundant_ineq,6,100,fp32,1.1920928955078125e-07,1,20260526T120908Z_pal_loggap_s6_redundant_ineq_seed6_113a1f57
s6_redundant_ineq,6,1,fp64,2.84569690822134e-05,1,20260526T120908Z_pal_loggap_s6_redundant_ineq_seed6_113a1f57
s6_redundant_ineq,6,2,fp64,4.223305039019465e-11,1,20260526T120908Z_pal_loggap_s6_redundant_ineq_seed6_113a1f57
s6_redundant_ineq,6,5,fp64,1.6653345369377348e-16,1,20260526T120908Z_pal_loggap_s6_redundant_ineq_seed6_113a1f57
s6_redundant_ineq,6,10,fp64,1.1102230246251565e-16,1,20260526T120908Z_pal_loggap_s6_redundant_ineq_seed6_113a1f57
s6_redundant_ineq,6,100,fp64,1.1102230246251565e-16,1,20260526T120908Z_pal_loggap_s6_redundant_ineq_seed6_113a1f57
s6_redundant_ineq,7,1,fp32,0.004687592387199402,0,20260526T120908Z_pal_loggap_s6_redundant_ineq_seed7_607336b6
s6_redundant_ineq,7,2,fp32,3.103911876678467e-05,1,20260526T120908Z_pal_loggap_s6_redundant_ineq_seed7_607336b6
s6_redundant_ineq,7,5,fp32,1.1920928955078125e-07,1,20260526T120908Z_pal_loggap_s6_redundant_ineq_seed7_607336b6
s6_redundant_ineq,7,10,fp32,1.1920928955078125e-07,1,20260526T120908Z_pal_loggap_s6_redundant_ineq_seed7_607336b6
s6_redundant_ineq,7,100,fp32,1.1920928955078125e-07,1,20260526T120908Z_pal_loggap_s6_redundant_ineq_seed7_607336b6
s6_redundant_ineq,7,1,fp64,0.004688029045356312,0,20260526T120908Z_pal_loggap_s6_redundant_ineq_seed7_607336b6
s6_redundant_ineq,7,2,fp64,3.1349574415695525e-05,1,20260526T120908Z_pal_loggap_s6_redundant_ineq_seed7_607336b6
s6_redundant_ineq,7,5,fp64,2.220446049250313e-16,1,20260526T120908Z_pal_loggap_s6_redundant_ineq_seed7_607336b6
s6_redundant_ineq,7,10,fp64,2.220446049250313e-16,1,20260526T120908Z_pal_loggap_s6_redundant_ineq_seed7_607336b6
s6_redundant_ineq,7,100,fp64,2.220446049250313e-16,1,20260526T120908Z_pal_loggap_s6_redundant_ineq_seed7_607336b6
s6_redundant_ineq,8,1,fp32,8.265674114227295e-05,1,20260526T120908Z_pal_loggap_s6_redundant_ineq_seed8_35df30c6
s6_redundant_ineq,8,2,fp32,1.220405101776123e-05,1,20260526T120908Z_pal_loggap_s6_redundant_ineq_seed8_35df30c6
s6_redundant_ineq,8,5,fp32,1.1920928955078125e-07,1,20260526T120908Z_pal_loggap_s6_redundant_ineq_seed8_35df30c6
s6_redundant_ineq,8,10,fp32,1.1920928955078125e-07,1,20260526T120908Z_pal_loggap_s6_redundant_ineq_seed8_35df30c6
s6_redundant_ineq,8,100,fp32,1.1920928955078125e-07,1,20260526T120908Z_pal_loggap_s6_redundant_ineq_seed8_35df30c6
s6_redundant_ineq,8,1,fp64,8.257512323534e-05,1,20260526T120908Z_pal_loggap_s6_redundant_ineq_seed8_35df30c6
s6_redundant_ineq,8,2,fp64,1.1206568017063656e-05,1,20260526T120908Z_pal_loggap_s6_redundant_ineq_seed8_35df30c6
s6_redundant_ineq,8,5,fp64,1.1102230246251565e-16,1,20260526T120908Z_pal_loggap_s6_redundant_ineq_seed8_35df30c6
s6_redundant_ineq,8,10,fp64,1.1102230246251565e-16,1,20260526T120908Z_pal_loggap_s6_redundant_ineq_seed8_35df30c6
s6_redundant_ineq,8,100,fp64,1.1102230246251565e-16,1,20260526T120908Z_pal_loggap_s6_redundant_ineq_seed8_35df30c6
s6_redundant_ineq,9,1,fp32,5.960464477539062e-07,1,20260526T120908Z_pal_loggap_s6_redundant_ineq_seed9_0ec1bfca
s6_redundant_ineq,9,2,fp32,1.1920928955078125e-07,1,20260526T120908Z_pal_loggap_s6_redundant_ineq_seed9_0ec1bfca
s6_redundant_ineq,9,5,fp32,1.1920928955078125e-07,1,20260526T120908Z_pal_loggap_s6_redundant_ineq_seed9_0ec1bfca
s6_redundant_ineq,9,10,fp32,1.1920928955078125e-07,1,20260526T120908Z_pal_loggap_s6_redundant_ineq_seed9_0ec1bfca
s6_redundant_ineq,9,100,fp32,1.1920928955078125e-07,1,20260526T120908Z_pal_loggap_s6_redundant_ineq_seed9_0ec1bfca
s6_redundant_ineq,9,1,fp64,5.42181898044447e-07,1,20260526T120908Z_pal_loggap_s6_redundant_ineq_seed9_0ec1bfca
s6_redundant_ineq,9,2,fp64,4.338751580235112e-13,1,20260526T120908Z_pal_loggap_s6_redundant_ineq_seed9_0ec1bfca
s6_redundant_ineq,9,5,fp64,1.1102230246251565e-16,1,20260526T120908Z_pal_loggap_s6_redundant_ineq_seed9_0ec1bfca
s6_redundant_ineq,9,10,fp64,1.1102230246251565e-16,1,20260526T120908Z_pal_loggap_s6_redundant_ineq_seed9_0ec1bfca
s6_redundant_ineq,9,100,fp64,1.1102230246251565e-16,1,20260526T120908Z_pal_loggap_s6_redundant_ineq_seed9_0ec1bfca
